"","Competition_Name","Country","Team","Opp","Venue","HomeGoals","AwayGoals","Result","Diff"
"1","Premier League","ENG","Manchester Utd","Fulham","H",1,0,"W",1
"2","Premier League","ENG","Ipswich Town","Liverpool","H",0,2,"L",-2
"3","Premier League","ENG","Newcastle Utd","Southampton","H",1,0,"W",1
"4","Premier League","ENG","Everton","Brighton","H",0,3,"L",-3
"5","Premier League","ENG","Nott'ham Forest","Bournemouth","H",1,1,"D",0
"6","Premier League","ENG","Arsenal","Wolves","H",2,0,"W",2
"7","Premier League","ENG","West Ham","Aston Villa","H",1,2,"L",-1
"8","Premier League","ENG","Brentford","Crystal Palace","H",2,1,"W",1
"9","Premier League","ENG","Chelsea","Manchester City","H",0,2,"L",-2
"10","Premier League","ENG","Leicester City","Tottenham","H",1,1,"D",0
"11","Premier League","ENG","Brighton","Manchester Utd","H",2,1,"W",1
"12","Premier League","ENG","Manchester City","Ipswich Town","H",4,1,"W",3
"13","Premier League","ENG","Southampton","Nott'ham Forest","H",0,1,"L",-1
"14","Premier League","ENG","Tottenham","Everton","H",4,0,"W",4
"15","Premier League","ENG","Fulham","Leicester City","H",2,1,"W",1
"16","Premier League","ENG","Crystal Palace","West Ham","H",0,2,"L",-2
"17","Premier League","ENG","Aston Villa","Arsenal","H",0,2,"L",-2
"18","Premier League","ENG","Wolves","Chelsea","H",2,6,"L",-4
"19","Premier League","ENG","Bournemouth","Newcastle Utd","H",1,1,"D",0
"20","Premier League","ENG","Liverpool","Brentford","H",2,0,"W",2
"21","Premier League","ENG","Arsenal","Brighton","H",1,1,"D",0
"22","Premier League","ENG","Ipswich Town","Fulham","H",1,1,"D",0
"23","Premier League","ENG","Nott'ham Forest","Wolves","H",1,1,"D",0
"24","Premier League","ENG","Brentford","Southampton","H",3,1,"W",2
"25","Premier League","ENG","Leicester City","Aston Villa","H",1,2,"L",-1
"26","Premier League","ENG","Everton","Bournemouth","H",2,3,"L",-1
"27","Premier League","ENG","West Ham","Manchester City","H",1,3,"L",-2
"28","Premier League","ENG","Newcastle Utd","Tottenham","H",2,1,"W",1
"29","Premier League","ENG","Chelsea","Crystal Palace","H",1,1,"D",0
"30","Premier League","ENG","Manchester Utd","Liverpool","H",0,3,"L",-3
"31","Premier League","ENG","Southampton","Manchester Utd","H",0,3,"L",-3
"32","Premier League","ENG","Manchester City","Brentford","H",2,1,"W",1
"33","Premier League","ENG","Liverpool","Nott'ham Forest","H",0,1,"L",-1
"34","Premier League","ENG","Crystal Palace","Leicester City","H",2,2,"D",0
"35","Premier League","ENG","Fulham","West Ham","H",1,1,"D",0
"36","Premier League","ENG","Brighton","Ipswich Town","H",0,0,"D",0
"37","Premier League","ENG","Aston Villa","Everton","H",3,2,"W",1
"38","Premier League","ENG","Bournemouth","Chelsea","H",0,1,"L",-1
"39","Premier League","ENG","Tottenham","Arsenal","H",0,1,"L",-1
"40","Premier League","ENG","Wolves","Newcastle Utd","H",1,2,"L",-1
"41","Premier League","ENG","West Ham","Chelsea","H",0,3,"L",-3
"42","Premier League","ENG","Tottenham","Brentford","H",3,1,"W",2
"43","Premier League","ENG","Aston Villa","Wolves","H",3,1,"W",2
"44","Premier League","ENG","Fulham","Newcastle Utd","H",3,1,"W",2
"45","Premier League","ENG","Southampton","Ipswich Town","H",1,1,"D",0
"46","Premier League","ENG","Leicester City","Everton","H",1,1,"D",0
"47","Premier League","ENG","Liverpool","Bournemouth","H",3,0,"W",3
"48","Premier League","ENG","Crystal Palace","Manchester Utd","H",0,0,"D",0
"49","Premier League","ENG","Brighton","Nott'ham Forest","H",2,2,"D",0
"50","Premier League","ENG","Manchester City","Arsenal","H",2,2,"D",0
"51","Premier League","ENG","Newcastle Utd","Manchester City","H",1,1,"D",0
"52","Premier League","ENG","Brentford","West Ham","H",1,1,"D",0
"53","Premier League","ENG","Everton","Crystal Palace","H",2,1,"W",1
"54","Premier League","ENG","Arsenal","Leicester City","H",4,2,"W",2
"55","Premier League","ENG","Chelsea","Brighton","H",4,2,"W",2
"56","Premier League","ENG","Nott'ham Forest","Fulham","H",0,1,"L",-1
"57","Premier League","ENG","Wolves","Liverpool","H",1,2,"L",-1
"58","Premier League","ENG","Ipswich Town","Aston Villa","H",2,2,"D",0
"59","Premier League","ENG","Manchester Utd","Tottenham","H",0,3,"L",-3
"60","Premier League","ENG","Bournemouth","Southampton","H",3,1,"W",2
"61","Premier League","ENG","Crystal Palace","Liverpool","H",0,1,"L",-1
"62","Premier League","ENG","Brentford","Wolves","H",5,3,"W",2
"63","Premier League","ENG","Leicester City","Bournemouth","H",1,0,"W",1
"64","Premier League","ENG","Manchester City","Fulham","H",3,2,"W",1
"65","Premier League","ENG","West Ham","Ipswich Town","H",4,1,"W",3
"66","Premier League","ENG","Arsenal","Southampton","H",3,1,"W",2
"67","Premier League","ENG","Everton","Newcastle Utd","H",0,0,"D",0
"68","Premier League","ENG","Aston Villa","Manchester Utd","H",0,0,"D",0
"69","Premier League","ENG","Chelsea","Nott'ham Forest","H",1,1,"D",0
"70","Premier League","ENG","Brighton","Tottenham","H",3,2,"W",1
"71","Premier League","ENG","Tottenham","West Ham","H",4,1,"W",3
"72","Premier League","ENG","Fulham","Aston Villa","H",1,3,"L",-2
"73","Premier League","ENG","Ipswich Town","Everton","H",0,2,"L",-2
"74","Premier League","ENG","Southampton","Leicester City","H",2,3,"L",-1
"75","Premier League","ENG","Manchester Utd","Brentford","H",2,1,"W",1
"76","Premier League","ENG","Newcastle Utd","Brighton","H",0,1,"L",-1
"77","Premier League","ENG","Bournemouth","Arsenal","H",2,0,"W",2
"78","Premier League","ENG","Wolves","Manchester City","H",1,2,"L",-1
"79","Premier League","ENG","Liverpool","Chelsea","H",2,1,"W",1
"80","Premier League","ENG","Nott'ham Forest","Crystal Palace","H",1,0,"W",1
"81","Premier League","ENG","Leicester City","Nott'ham Forest","H",1,3,"L",-2
"82","Premier League","ENG","Brighton","Wolves","H",2,2,"D",0
"83","Premier League","ENG","Manchester City","Southampton","H",1,0,"W",1
"84","Premier League","ENG","Brentford","Ipswich Town","H",4,3,"W",1
"85","Premier League","ENG","Aston Villa","Bournemouth","H",1,1,"D",0
"86","Premier League","ENG","Everton","Fulham","H",1,1,"D",0
"87","Premier League","ENG","West Ham","Manchester Utd","H",2,1,"W",1
"88","Premier League","ENG","Chelsea","Newcastle Utd","H",2,1,"W",1
"89","Premier League","ENG","Crystal Palace","Tottenham","H",1,0,"W",1
"90","Premier League","ENG","Arsenal","Liverpool","H",2,2,"D",0
"91","Premier League","ENG","Newcastle Utd","Arsenal","H",1,0,"W",1
"92","Premier League","ENG","Liverpool","Brighton","H",2,1,"W",1
"93","Premier League","ENG","Southampton","Everton","H",1,0,"W",1
"94","Premier League","ENG","Nott'ham Forest","West Ham","H",3,0,"W",3
"95","Premier League","ENG","Ipswich Town","Leicester City","H",1,1,"D",0
"96","Premier League","ENG","Bournemouth","Manchester City","H",2,1,"W",1
"97","Premier League","ENG","Wolves","Crystal Palace","H",2,2,"D",0
"98","Premier League","ENG","Tottenham","Aston Villa","H",4,1,"W",3
"99","Premier League","ENG","Manchester Utd","Chelsea","H",1,1,"D",0
"100","Premier League","ENG","Fulham","Brentford","H",2,1,"W",1
"101","Premier League","ENG","West Ham","Everton","H",0,0,"D",0
"102","Premier League","ENG","Crystal Palace","Fulham","H",0,2,"L",-2
"103","Premier League","ENG","Wolves","Southampton","H",2,0,"W",2
"104","Premier League","ENG","Brentford","Bournemouth","H",3,2,"W",1
"105","Premier League","ENG","Brighton","Manchester City","H",2,1,"W",1
"106","Premier League","ENG","Liverpool","Aston Villa","H",2,0,"W",2
"107","Premier League","ENG","Tottenham","Ipswich Town","H",1,2,"L",-1
"108","Premier League","ENG","Nott'ham Forest","Newcastle Utd","H",1,3,"L",-2
"109","Premier League","ENG","Manchester Utd","Leicester City","H",3,0,"W",3
"110","Premier League","ENG","Chelsea","Arsenal","H",1,1,"D",0
"111","Premier League","ENG","Leicester City","Chelsea","H",1,2,"L",-1
"112","Premier League","ENG","Aston Villa","Crystal Palace","H",2,2,"D",0
"113","Premier League","ENG","Fulham","Wolves","H",1,4,"L",-3
"114","Premier League","ENG","Bournemouth","Brighton","H",1,2,"L",-1
"115","Premier League","ENG","Arsenal","Nott'ham Forest","H",3,0,"W",3
"116","Premier League","ENG","Everton","Brentford","H",0,0,"D",0
"117","Premier League","ENG","Manchester City","Tottenham","H",0,4,"L",-4
"118","Premier League","ENG","Southampton","Liverpool","H",2,3,"L",-1
"119","Premier League","ENG","Ipswich Town","Manchester Utd","H",1,1,"D",0
"120","Premier League","ENG","Newcastle Utd","West Ham","H",0,2,"L",-2
"121","Premier League","ENG","Brighton","Southampton","H",1,1,"D",0
"122","Premier League","ENG","Wolves","Bournemouth","H",2,4,"L",-2
"123","Premier League","ENG","Nott'ham Forest","Ipswich Town","H",1,0,"W",1
"124","Premier League","ENG","Brentford","Leicester City","H",4,1,"W",3
"125","Premier League","ENG","Crystal Palace","Newcastle Utd","H",1,1,"D",0
"126","Premier League","ENG","West Ham","Arsenal","H",2,5,"L",-3
"127","Premier League","ENG","Manchester Utd","Everton","H",4,0,"W",4
"128","Premier League","ENG","Tottenham","Fulham","H",1,1,"D",0
"129","Premier League","ENG","Chelsea","Aston Villa","H",3,0,"W",3
"130","Premier League","ENG","Liverpool","Manchester City","H",2,0,"W",2
"131","Premier League","ENG","Ipswich Town","Crystal Palace","H",0,1,"L",-1
"132","Premier League","ENG","Leicester City","West Ham","H",3,1,"W",2
"133","Premier League","ENG","Newcastle Utd","Liverpool","H",3,3,"D",0
"134","Premier League","ENG","Everton","Wolves","H",4,0,"W",4
"135","Premier League","ENG","Manchester City","Nott'ham Forest","H",3,0,"W",3
"136","Premier League","ENG","Southampton","Chelsea","H",1,5,"L",-4
"137","Premier League","ENG","Arsenal","Manchester Utd","H",2,0,"W",2
"138","Premier League","ENG","Aston Villa","Brentford","H",3,1,"W",2
"139","Premier League","ENG","Fulham","Brighton","H",3,1,"W",2
"140","Premier League","ENG","Bournemouth","Tottenham","H",1,0,"W",1
"141","Premier League","ENG","Aston Villa","Southampton","H",1,0,"W",1
"142","Premier League","ENG","Crystal Palace","Manchester City","H",2,2,"D",0
"143","Premier League","ENG","Brentford","Newcastle Utd","H",4,2,"W",2
"144","Premier League","ENG","Manchester Utd","Nott'ham Forest","H",2,3,"L",-1
"145","Premier League","ENG","Leicester City","Brighton","H",2,2,"D",0
"146","Premier League","ENG","Ipswich Town","Bournemouth","H",1,2,"L",-1
"147","Premier League","ENG","Fulham","Arsenal","H",1,1,"D",0
"148","Premier League","ENG","Tottenham","Chelsea","H",3,4,"L",-1
"149","Premier League","ENG","West Ham","Wolves","H",2,1,"W",1
"150","Premier League","ENG","Liverpool","Fulham","H",2,2,"D",0
"151","Premier League","ENG","Wolves","Ipswich Town","H",1,2,"L",-1
"152","Premier League","ENG","Newcastle Utd","Leicester City","H",4,0,"W",4
"153","Premier League","ENG","Arsenal","Everton","H",0,0,"D",0
"154","Premier League","ENG","Nott'ham Forest","Aston Villa","H",2,1,"W",1
"155","Premier League","ENG","Brighton","Crystal Palace","H",1,3,"L",-2
"156","Premier League","ENG","Manchester City","Manchester Utd","H",1,2,"L",-1
"157","Premier League","ENG","Southampton","Tottenham","H",0,5,"L",-5
"158","Premier League","ENG","Chelsea","Brentford","H",2,1,"W",1
"159","Premier League","ENG","Bournemouth","West Ham","H",1,1,"D",0
"160","Premier League","ENG","Aston Villa","Manchester City","H",2,1,"W",1
"161","Premier League","ENG","Ipswich Town","Newcastle Utd","H",0,4,"L",-4
"162","Premier League","ENG","Brentford","Nott'ham Forest","H",0,2,"L",-2
"163","Premier League","ENG","West Ham","Brighton","H",1,1,"D",0
"164","Premier League","ENG","Crystal Palace","Arsenal","H",1,5,"L",-4
"165","Premier League","ENG","Manchester Utd","Bournemouth","H",0,3,"L",-3
"166","Premier League","ENG","Leicester City","Wolves","H",0,3,"L",-3
"167","Premier League","ENG","Everton","Chelsea","H",0,0,"D",0
"168","Premier League","ENG","Fulham","Southampton","H",0,0,"D",0
"169","Premier League","ENG","Tottenham","Liverpool","H",3,6,"L",-3
"170","Premier League","ENG","Manchester City","Everton","H",1,1,"D",0
"171","Premier League","ENG","Southampton","West Ham","H",0,1,"L",-1
"172","Premier League","ENG","Newcastle Utd","Aston Villa","H",3,0,"W",3
"173","Premier League","ENG","Nott'ham Forest","Tottenham","H",1,0,"W",1
"174","Premier League","ENG","Bournemouth","Crystal Palace","H",0,0,"D",0
"175","Premier League","ENG","Chelsea","Fulham","H",1,2,"L",-1
"176","Premier League","ENG","Wolves","Manchester Utd","H",2,0,"W",2
"177","Premier League","ENG","Liverpool","Leicester City","H",3,1,"W",2
"178","Premier League","ENG","Brighton","Brentford","H",0,0,"D",0
"179","Premier League","ENG","Arsenal","Ipswich Town","H",1,0,"W",1
"180","Premier League","ENG","Leicester City","Manchester City","H",0,2,"L",-2
"181","Premier League","ENG","Everton","Nott'ham Forest","H",0,2,"L",-2
"182","Premier League","ENG","Tottenham","Wolves","H",2,2,"D",0
"183","Premier League","ENG","Fulham","Bournemouth","H",2,2,"D",0
"184","Premier League","ENG","Crystal Palace","Southampton","H",2,1,"W",1
"185","Premier League","ENG","West Ham","Liverpool","H",0,5,"L",-5
"186","Premier League","ENG","Aston Villa","Brighton","H",2,2,"D",0
"187","Premier League","ENG","Ipswich Town","Chelsea","H",2,0,"W",2
"188","Premier League","ENG","Manchester Utd","Newcastle Utd","H",0,2,"L",-2
"189","Premier League","ENG","Brentford","Arsenal","H",1,3,"L",-2
"190","Premier League","ENG","Tottenham","Newcastle Utd","H",1,2,"L",-1
"191","Premier League","ENG","Aston Villa","Leicester City","H",2,1,"W",1
"192","Premier League","ENG","Bournemouth","Everton","H",1,0,"W",1
"193","Premier League","ENG","Crystal Palace","Chelsea","H",1,1,"D",0
"194","Premier League","ENG","Southampton","Brentford","H",0,5,"L",-5
"195","Premier League","ENG","Manchester City","West Ham","H",4,1,"W",3
"196","Premier League","ENG","Brighton","Arsenal","H",1,1,"D",0
"197","Premier League","ENG","Fulham","Ipswich Town","H",2,2,"D",0
"198","Premier League","ENG","Liverpool","Manchester Utd","H",2,2,"D",0
"199","Premier League","ENG","Wolves","Nott'ham Forest","H",0,3,"L",-3
"200","Premier League","ENG","West Ham","Fulham","H",3,2,"W",1
"201","Premier League","ENG","Chelsea","Bournemouth","H",2,2,"D",0
"202","Premier League","ENG","Brentford","Manchester City","H",2,2,"D",0
"203","Premier League","ENG","Nott'ham Forest","Liverpool","H",1,1,"D",0
"204","Premier League","ENG","Leicester City","Crystal Palace","H",0,2,"L",-2
"205","Premier League","ENG","Everton","Aston Villa","H",0,1,"L",-1
"206","Premier League","ENG","Newcastle Utd","Wolves","H",3,0,"W",3
"207","Premier League","ENG","Arsenal","Tottenham","H",2,1,"W",1
"208","Premier League","ENG","Ipswich Town","Brighton","H",0,2,"L",-2
"209","Premier League","ENG","Manchester Utd","Southampton","H",3,1,"W",2
"210","Premier League","ENG","Newcastle Utd","Bournemouth","H",1,4,"L",-3
"211","Premier League","ENG","Leicester City","Fulham","H",0,2,"L",-2
"212","Premier League","ENG","West Ham","Crystal Palace","H",0,2,"L",-2
"213","Premier League","ENG","Brentford","Liverpool","H",0,2,"L",-2
"214","Premier League","ENG","Arsenal","Aston Villa","H",2,2,"D",0
"215","Premier League","ENG","Everton","Tottenham","H",3,2,"W",1
"216","Premier League","ENG","Manchester Utd","Brighton","H",1,3,"L",-2
"217","Premier League","ENG","Nott'ham Forest","Southampton","H",3,2,"W",1
"218","Premier League","ENG","Ipswich Town","Manchester City","H",0,6,"L",-6
"219","Premier League","ENG","Chelsea","Wolves","H",3,1,"W",2
"220","Premier League","ENG","Southampton","Newcastle Utd","H",1,3,"L",-2
"221","Premier League","ENG","Brighton","Everton","H",0,1,"L",-1
"222","Premier League","ENG","Liverpool","Ipswich Town","H",4,1,"W",3
"223","Premier League","ENG","Bournemouth","Nott'ham Forest","H",5,0,"W",5
"224","Premier League","ENG","Wolves","Arsenal","H",0,1,"L",-1
"225","Premier League","ENG","Manchester City","Chelsea","H",3,1,"W",2
"226","Premier League","ENG","Crystal Palace","Brentford","H",1,2,"L",-1
"227","Premier League","ENG","Tottenham","Leicester City","H",1,2,"L",-1
"228","Premier League","ENG","Aston Villa","West Ham","H",1,1,"D",0
"229","Premier League","ENG","Fulham","Manchester Utd","H",0,1,"L",-1
"230","Premier League","ENG","Nott'ham Forest","Brighton","H",7,0,"W",7
"231","Premier League","ENG","Everton","Leicester City","H",4,0,"W",4
"232","Premier League","ENG","Newcastle Utd","Fulham","H",1,2,"L",-1
"233","Premier League","ENG","Bournemouth","Liverpool","H",0,2,"L",-2
"234","Premier League","ENG","Ipswich Town","Southampton","H",1,2,"L",-1
"235","Premier League","ENG","Wolves","Aston Villa","H",2,0,"W",2
"236","Premier League","ENG","Manchester Utd","Crystal Palace","H",0,2,"L",-2
"237","Premier League","ENG","Brentford","Tottenham","H",0,2,"L",-2
"238","Premier League","ENG","Arsenal","Manchester City","H",5,1,"W",4
"239","Premier League","ENG","Chelsea","West Ham","H",2,1,"W",1
"240","Premier League","ENG","Everton","Liverpool","H",2,2,"D",0
"241","Premier League","ENG","Brighton","Chelsea","H",3,0,"W",3
"242","Premier League","ENG","Leicester City","Arsenal","H",0,2,"L",-2
"243","Premier League","ENG","Fulham","Nott'ham Forest","H",2,1,"W",1
"244","Premier League","ENG","Manchester City","Newcastle Utd","H",4,0,"W",4
"245","Premier League","ENG","Southampton","Bournemouth","H",1,3,"L",-2
"246","Premier League","ENG","Aston Villa","Ipswich Town","H",1,1,"D",0
"247","Premier League","ENG","West Ham","Brentford","H",0,1,"L",-1
"248","Premier League","ENG","Crystal Palace","Everton","H",1,2,"L",-1
"249","Premier League","ENG","Liverpool","Wolves","H",2,1,"W",1
"250","Premier League","ENG","Tottenham","Manchester Utd","H",1,0,"W",1
"251","Premier League","ENG","Aston Villa","Liverpool","H",2,2,"D",0
"252","Premier League","ENG","Leicester City","Brentford","H",0,4,"L",-4
"253","Premier League","ENG","Everton","Manchester Utd","H",2,2,"D",0
"254","Premier League","ENG","Fulham","Crystal Palace","H",0,2,"L",-2
"255","Premier League","ENG","Bournemouth","Wolves","H",0,1,"L",-1
"256","Premier League","ENG","Ipswich Town","Tottenham","H",1,4,"L",-3
"257","Premier League","ENG","Arsenal","West Ham","H",0,1,"L",-1
"258","Premier League","ENG","Southampton","Brighton","H",0,4,"L",-4
"259","Premier League","ENG","Aston Villa","Chelsea","H",2,1,"W",1
"260","Premier League","ENG","Newcastle Utd","Nott'ham Forest","H",4,3,"W",1
"261","Premier League","ENG","Manchester City","Liverpool","H",0,2,"L",-2
"262","Premier League","ENG","Brighton","Bournemouth","H",2,1,"W",1
"263","Premier League","ENG","Crystal Palace","Aston Villa","H",4,1,"W",3
"264","Premier League","ENG","Wolves","Fulham","H",1,2,"L",-1
"265","Premier League","ENG","Chelsea","Southampton","H",4,0,"W",4
"266","Premier League","ENG","Tottenham","Manchester City","H",0,1,"L",-1
"267","Premier League","ENG","Nott'ham Forest","Arsenal","H",0,0,"D",0
"268","Premier League","ENG","Manchester Utd","Ipswich Town","H",3,2,"W",1
"269","Premier League","ENG","Brentford","Everton","H",1,1,"D",0
"270","Premier League","ENG","Liverpool","Newcastle Utd","H",2,0,"W",2
"271","Premier League","ENG","West Ham","Leicester City","H",2,0,"W",2
"272","Premier League","ENG","Nott'ham Forest","Manchester City","H",1,0,"W",1
"273","Premier League","ENG","Liverpool","Southampton","H",3,1,"W",2
"274","Premier League","ENG","Brighton","Fulham","H",2,1,"W",1
"275","Premier League","ENG","Crystal Palace","Ipswich Town","H",1,0,"W",1
"276","Premier League","ENG","Brentford","Aston Villa","H",0,1,"L",-1
"277","Premier League","ENG","Wolves","Everton","H",1,1,"D",0
"278","Premier League","ENG","Chelsea","Leicester City","H",1,0,"W",1
"279","Premier League","ENG","Tottenham","Bournemouth","H",2,2,"D",0
"280","Premier League","ENG","Manchester Utd","Arsenal","H",1,1,"D",0
"281","Premier League","ENG","West Ham","Newcastle Utd","H",0,1,"L",-1
"282","Premier League","ENG","Everton","West Ham","H",1,1,"D",0
"283","Premier League","ENG","Southampton","Wolves","H",1,2,"L",-1
"284","Premier League","ENG","Ipswich Town","Nott'ham Forest","H",2,4,"L",-2
"285","Premier League","ENG","Manchester City","Brighton","H",2,2,"D",0
"286","Premier League","ENG","Bournemouth","Brentford","H",1,2,"L",-1
"287","Premier League","ENG","Arsenal","Chelsea","H",1,0,"W",1
"288","Premier League","ENG","Fulham","Tottenham","H",2,0,"W",2
"289","Premier League","ENG","Leicester City","Manchester Utd","H",0,3,"L",-3
"290","Premier League","ENG","Arsenal","Fulham","H",2,1,"W",1
"291","Premier League","ENG","Wolves","West Ham","H",1,0,"W",1
"292","Premier League","ENG","Nott'ham Forest","Manchester Utd","H",1,0,"W",1
"293","Premier League","ENG","Newcastle Utd","Brentford","H",2,1,"W",1
"294","Premier League","ENG","Manchester City","Leicester City","H",2,0,"W",2
"295","Premier League","ENG","Southampton","Crystal Palace","H",1,1,"D",0
"296","Premier League","ENG","Bournemouth","Ipswich Town","H",1,2,"L",-1
"297","Premier League","ENG","Brighton","Aston Villa","H",0,3,"L",-3
"298","Premier League","ENG","Liverpool","Everton","H",1,0,"W",1
"299","Premier League","ENG","Chelsea","Tottenham","H",1,0,"W",1
"300","Premier League","ENG","Everton","Arsenal","H",1,1,"D",0
"301","Premier League","ENG","Crystal Palace","Brighton","H",2,1,"W",1
"302","Premier League","ENG","Ipswich Town","Wolves","H",1,2,"L",-1
"303","Premier League","ENG","West Ham","Bournemouth","H",2,2,"D",0
"304","Premier League","ENG","Aston Villa","Nott'ham Forest","H",2,1,"W",1
"305","Premier League","ENG","Fulham","Liverpool","H",3,2,"W",1
"306","Premier League","ENG","Brentford","Chelsea","H",0,0,"D",0
"307","Premier League","ENG","Tottenham","Southampton","H",3,1,"W",2
"308","Premier League","ENG","Manchester Utd","Manchester City","H",0,0,"D",0
"309","Premier League","ENG","Leicester City","Newcastle Utd","H",0,3,"L",-3
"310","Premier League","ENG","Manchester City","Crystal Palace","H",5,2,"W",3
"311","Premier League","ENG","Brighton","Leicester City","H",2,2,"D",0
"312","Premier League","ENG","Southampton","Aston Villa","H",0,3,"L",-3
"313","Premier League","ENG","Nott'ham Forest","Everton","H",0,1,"L",-1
"314","Premier League","ENG","Arsenal","Brentford","H",1,1,"D",0
"315","Premier League","ENG","Liverpool","West Ham","H",2,1,"W",1
"316","Premier League","ENG","Chelsea","Ipswich Town","H",2,2,"D",0
"317","Premier League","ENG","Wolves","Tottenham","H",4,2,"W",2
"318","Premier League","ENG","Newcastle Utd","Manchester Utd","H",4,1,"W",3
"319","Premier League","ENG","Bournemouth","Fulham","H",1,0,"W",1
"320","Premier League","ENG","Newcastle Utd","Crystal Palace","H",5,0,"W",5
"321","Premier League","ENG","Everton","Manchester City","H",0,2,"L",-2
"322","Premier League","ENG","West Ham","Southampton","H",1,1,"D",0
"323","Premier League","ENG","Crystal Palace","Bournemouth","H",0,0,"D",0
"324","Premier League","ENG","Brentford","Brighton","H",4,2,"W",2
"325","Premier League","ENG","Aston Villa","Newcastle Utd","H",4,1,"W",3
"326","Premier League","ENG","Fulham","Chelsea","H",1,2,"L",-1
"327","Premier League","ENG","Ipswich Town","Arsenal","H",0,4,"L",-4
"328","Premier League","ENG","Manchester Utd","Wolves","H",0,1,"L",-1
"329","Premier League","ENG","Leicester City","Liverpool","H",0,1,"L",-1
"330","Premier League","ENG","Tottenham","Nott'ham Forest","H",1,2,"L",-1
"331","Premier League","ENG","Manchester City","Aston Villa","H",2,1,"W",1
"332","Premier League","ENG","Arsenal","Crystal Palace","H",2,2,"D",0
"333","Premier League","ENG","Chelsea","Everton","H",1,0,"W",1
"334","Premier League","ENG","Brighton","West Ham","H",3,2,"W",1
"335","Premier League","ENG","Wolves","Leicester City","H",3,0,"W",3
"336","Premier League","ENG","Southampton","Fulham","H",1,2,"L",-1
"337","Premier League","ENG","Newcastle Utd","Ipswich Town","H",3,0,"W",3
"338","Premier League","ENG","Bournemouth","Manchester Utd","H",1,1,"D",0
"339","Premier League","ENG","Liverpool","Tottenham","H",5,1,"W",4
"340","Premier League","ENG","Nott'ham Forest","Brentford","H",0,2,"L",-2
"341","Premier League","ENG","Manchester City","Wolves","H",1,0,"W",1
"342","Premier League","ENG","Aston Villa","Fulham","H",1,0,"W",1
"343","Premier League","ENG","Leicester City","Southampton","H",2,0,"W",2
"344","Premier League","ENG","Everton","Ipswich Town","H",2,2,"D",0
"345","Premier League","ENG","Arsenal","Bournemouth","H",1,2,"L",-1
"346","Premier League","ENG","Brighton","Newcastle Utd","H",1,1,"D",0
"347","Premier League","ENG","West Ham","Tottenham","H",1,1,"D",0
"348","Premier League","ENG","Brentford","Manchester Utd","H",4,3,"W",1
"349","Premier League","ENG","Chelsea","Liverpool","H",3,1,"W",2
"350","Premier League","ENG","Crystal Palace","Nott'ham Forest","H",1,1,"D",0
"351","Premier League","ENG","Ipswich Town","Brentford","H",0,1,"L",-1
"352","Premier League","ENG","Fulham","Everton","H",1,3,"L",-2
"353","Premier League","ENG","Wolves","Brighton","H",0,2,"L",-2
"354","Premier League","ENG","Southampton","Manchester City","H",0,0,"D",0
"355","Premier League","ENG","Bournemouth","Aston Villa","H",0,1,"L",-1
"356","Premier League","ENG","Newcastle Utd","Chelsea","H",2,0,"W",2
"357","Premier League","ENG","Nott'ham Forest","Leicester City","H",2,2,"D",0
"358","Premier League","ENG","Tottenham","Crystal Palace","H",0,2,"L",-2
"359","Premier League","ENG","Manchester Utd","West Ham","H",0,2,"L",-2
"360","Premier League","ENG","Liverpool","Arsenal","H",2,2,"D",0
"361","Premier League","ENG","Aston Villa","Tottenham","H",2,0,"W",2
"362","Premier League","ENG","Chelsea","Manchester Utd","H",1,0,"W",1
"363","Premier League","ENG","Everton","Southampton","H",2,0,"W",2
"364","Premier League","ENG","West Ham","Nott'ham Forest","H",1,2,"L",-1
"365","Premier League","ENG","Brentford","Fulham","H",2,3,"L",-1
"366","Premier League","ENG","Leicester City","Ipswich Town","H",2,0,"W",2
"367","Premier League","ENG","Arsenal","Newcastle Utd","H",1,0,"W",1
"368","Premier League","ENG","Brighton","Liverpool","H",3,2,"W",1
"369","Premier League","ENG","Manchester City","Bournemouth","H",3,1,"W",2
"370","Premier League","ENG","Crystal Palace","Wolves","H",4,2,"W",2
"371","Premier League","ENG","Manchester Utd","Aston Villa","H",2,0,"W",2
"372","Premier League","ENG","Ipswich Town","West Ham","H",1,3,"L",-2
"373","Premier League","ENG","Wolves","Brentford","H",1,1,"D",0
"374","Premier League","ENG","Southampton","Arsenal","H",1,2,"L",-1
"375","Premier League","ENG","Liverpool","Crystal Palace","H",1,1,"D",0
"376","Premier League","ENG","Nott'ham Forest","Chelsea","H",0,1,"L",-1
"377","Premier League","ENG","Fulham","Manchester City","H",0,2,"L",-2
"378","Premier League","ENG","Newcastle Utd","Everton","H",0,1,"L",-1
"379","Premier League","ENG","Bournemouth","Leicester City","H",2,0,"W",2
"380","Premier League","ENG","Tottenham","Brighton","H",1,4,"L",-3
"381","Ligue 1","FRA","Le Havre","Paris S-G","H",1,4,"L",-3
"382","Ligue 1","FRA","Brest","Marseille","H",1,5,"L",-4
"383","Ligue 1","FRA","Reims","Lille","H",0,2,"L",-2
"384","Ligue 1","FRA","Monaco","Saint-Étienne","H",1,0,"W",1
"385","Ligue 1","FRA","Auxerre","Nice","H",2,1,"W",1
"386","Ligue 1","FRA","Angers","Lens","H",0,1,"L",-1
"387","Ligue 1","FRA","Toulouse","Nantes","H",0,0,"D",0
"388","Ligue 1","FRA","Montpellier","Strasbourg","H",1,1,"D",0
"389","Ligue 1","FRA","Rennes","Lyon","H",3,0,"W",3
"390","Ligue 1","FRA","Paris S-G","Montpellier","H",6,0,"W",6
"391","Ligue 1","FRA","Lyon","Monaco","H",0,2,"L",-2
"392","Ligue 1","FRA","Lille","Angers","H",2,0,"W",2
"393","Ligue 1","FRA","Saint-Étienne","Le Havre","H",0,2,"L",-2
"394","Ligue 1","FRA","Lens","Brest","H",2,0,"W",2
"395","Ligue 1","FRA","Nantes","Auxerre","H",2,0,"W",2
"396","Ligue 1","FRA","Nice","Toulouse","H",1,1,"D",0
"397","Ligue 1","FRA","Strasbourg","Rennes","H",3,1,"W",2
"398","Ligue 1","FRA","Marseille","Reims","H",2,2,"D",0
"399","Ligue 1","FRA","Lyon","Strasbourg","H",4,3,"W",1
"400","Ligue 1","FRA","Brest","Saint-Étienne","H",4,0,"W",4
"401","Ligue 1","FRA","Montpellier","Nantes","H",1,3,"L",-2
"402","Ligue 1","FRA","Toulouse","Marseille","H",1,3,"L",-2
"403","Ligue 1","FRA","Monaco","Lens","H",1,1,"D",0
"404","Ligue 1","FRA","Reims","Rennes","H",2,1,"W",1
"405","Ligue 1","FRA","Le Havre","Auxerre","H",3,1,"W",2
"406","Ligue 1","FRA","Angers","Nice","H",1,4,"L",-3
"407","Ligue 1","FRA","Lille","Paris S-G","H",1,3,"L",-2
"408","Ligue 1","FRA","Saint-Étienne","Lille","H",1,0,"W",1
"409","Ligue 1","FRA","Marseille","Nice","H",2,0,"W",2
"410","Ligue 1","FRA","Auxerre","Monaco","H",0,3,"L",-3
"411","Ligue 1","FRA","Paris S-G","Brest","H",3,1,"W",2
"412","Ligue 1","FRA","Rennes","Montpellier","H",3,0,"W",3
"413","Ligue 1","FRA","Nantes","Reims","H",1,2,"L",-1
"414","Ligue 1","FRA","Strasbourg","Angers","H",1,1,"D",0
"415","Ligue 1","FRA","Toulouse","Le Havre","H",2,0,"W",2
"416","Ligue 1","FRA","Lens","Lyon","H",0,0,"D",0
"417","Ligue 1","FRA","Nice","Saint-Étienne","H",8,0,"W",8
"418","Ligue 1","FRA","Lille","Strasbourg","H",3,3,"D",0
"419","Ligue 1","FRA","Rennes","Lens","H",1,1,"D",0
"420","Ligue 1","FRA","Reims","Paris S-G","H",1,1,"D",0
"421","Ligue 1","FRA","Monaco","Le Havre","H",3,1,"W",2
"422","Ligue 1","FRA","Brest","Toulouse","H",2,0,"W",2
"423","Ligue 1","FRA","Angers","Nantes","H",1,1,"D",0
"424","Ligue 1","FRA","Montpellier","Auxerre","H",3,2,"W",1
"425","Ligue 1","FRA","Lyon","Marseille","H",2,3,"L",-1
"426","Ligue 1","FRA","Auxerre","Brest","H",3,0,"W",3
"427","Ligue 1","FRA","Paris S-G","Rennes","H",3,1,"W",2
"428","Ligue 1","FRA","Lens","Nice","H",0,0,"D",0
"429","Ligue 1","FRA","Le Havre","Lille","H",0,3,"L",-3
"430","Ligue 1","FRA","Monaco","Montpellier","H",2,1,"W",1
"431","Ligue 1","FRA","Toulouse","Lyon","H",1,2,"L",-1
"432","Ligue 1","FRA","Nantes","Saint-Étienne","H",2,2,"D",0
"433","Ligue 1","FRA","Angers","Reims","H",1,3,"L",-2
"434","Ligue 1","FRA","Strasbourg","Marseille","H",1,0,"W",1
"435","Ligue 1","FRA","Marseille","Angers","H",1,1,"D",0
"436","Ligue 1","FRA","Saint-Étienne","Auxerre","H",3,1,"W",2
"437","Ligue 1","FRA","Lille","Toulouse","H",2,1,"W",1
"438","Ligue 1","FRA","Rennes","Monaco","H",1,2,"L",-1
"439","Ligue 1","FRA","Lyon","Nantes","H",2,0,"W",2
"440","Ligue 1","FRA","Brest","Le Havre","H",2,0,"W",2
"441","Ligue 1","FRA","Strasbourg","Lens","H",2,2,"D",0
"442","Ligue 1","FRA","Reims","Montpellier","H",4,2,"W",2
"443","Ligue 1","FRA","Nice","Paris S-G","H",1,1,"D",0
"444","Ligue 1","FRA","Monaco","Lille","H",0,0,"D",0
"445","Ligue 1","FRA","Brest","Rennes","H",1,1,"D",0
"446","Ligue 1","FRA","Saint-Étienne","Lens","H",0,2,"L",-2
"447","Ligue 1","FRA","Paris S-G","Strasbourg","H",4,2,"W",2
"448","Ligue 1","FRA","Le Havre","Lyon","H",0,4,"L",-4
"449","Ligue 1","FRA","Toulouse","Angers","H",1,1,"D",0
"450","Ligue 1","FRA","Auxerre","Reims","H",2,1,"W",1
"451","Ligue 1","FRA","Nantes","Nice","H",1,1,"D",0
"452","Ligue 1","FRA","Montpellier","Marseille","H",0,5,"L",-5
"453","Ligue 1","FRA","Rennes","Le Havre","H",1,0,"W",1
"454","Ligue 1","FRA","Angers","Saint-Étienne","H",4,2,"W",2
"455","Ligue 1","FRA","Reims","Brest","H",1,2,"L",-1
"456","Ligue 1","FRA","Lens","Lille","H",0,2,"L",-2
"457","Ligue 1","FRA","Lyon","Auxerre","H",2,2,"D",0
"458","Ligue 1","FRA","Montpellier","Toulouse","H",0,3,"L",-3
"459","Ligue 1","FRA","Nice","Monaco","H",2,1,"W",1
"460","Ligue 1","FRA","Strasbourg","Nantes","H",3,1,"W",2
"461","Ligue 1","FRA","Marseille","Paris S-G","H",0,3,"L",-3
"462","Ligue 1","FRA","Monaco","Angers","H",0,1,"L",-1
"463","Ligue 1","FRA","Lille","Lyon","H",1,1,"D",0
"464","Ligue 1","FRA","Paris S-G","Lens","H",1,0,"W",1
"465","Ligue 1","FRA","Brest","Nice","H",0,1,"L",-1
"466","Ligue 1","FRA","Saint-Étienne","Strasbourg","H",2,0,"W",2
"467","Ligue 1","FRA","Toulouse","Reims","H",1,0,"W",1
"468","Ligue 1","FRA","Le Havre","Montpellier","H",1,0,"W",1
"469","Ligue 1","FRA","Auxerre","Rennes","H",4,0,"W",4
"470","Ligue 1","FRA","Nantes","Marseille","H",1,2,"L",-1
"471","Ligue 1","FRA","Marseille","Auxerre","H",1,3,"L",-2
"472","Ligue 1","FRA","Strasbourg","Monaco","H",1,3,"L",-2
"473","Ligue 1","FRA","Lens","Nantes","H",3,2,"W",1
"474","Ligue 1","FRA","Angers","Paris S-G","H",2,4,"L",-2
"475","Ligue 1","FRA","Nice","Lille","H",2,2,"D",0
"476","Ligue 1","FRA","Rennes","Toulouse","H",0,2,"L",-2
"477","Ligue 1","FRA","Le Havre","Reims","H",0,3,"L",-3
"478","Ligue 1","FRA","Montpellier","Brest","H",3,1,"W",2
"479","Ligue 1","FRA","Lyon","Saint-Étienne","H",1,0,"W",1
"480","Ligue 1","FRA","Monaco","Brest","H",3,2,"W",1
"481","Ligue 1","FRA","Paris S-G","Toulouse","H",3,0,"W",3
"482","Ligue 1","FRA","Lens","Marseille","H",1,3,"L",-2
"483","Ligue 1","FRA","Saint-Étienne","Montpellier","H",1,0,"W",1
"484","Ligue 1","FRA","Reims","Lyon","H",1,1,"D",0
"485","Ligue 1","FRA","Lille","Rennes","H",1,0,"W",1
"486","Ligue 1","FRA","Auxerre","Angers","H",1,0,"W",1
"487","Ligue 1","FRA","Nantes","Le Havre","H",0,2,"L",-2
"488","Ligue 1","FRA","Nice","Strasbourg","H",2,1,"W",1
"489","Ligue 1","FRA","Reims","Lens","H",0,2,"L",-2
"490","Ligue 1","FRA","Rennes","Saint-Étienne","H",5,0,"W",5
"491","Ligue 1","FRA","Brest","Strasbourg","H",3,1,"W",2
"492","Ligue 1","FRA","Paris S-G","Nantes","H",1,1,"D",0
"493","Ligue 1","FRA","Montpellier","Lille","H",2,2,"D",0
"494","Ligue 1","FRA","Lyon","Nice","H",4,1,"W",3
"495","Ligue 1","FRA","Toulouse","Auxerre","H",2,0,"W",2
"496","Ligue 1","FRA","Le Havre","Angers","H",0,1,"L",-1
"497","Ligue 1","FRA","Marseille","Monaco","H",2,1,"W",1
"498","Ligue 1","FRA","Lille","Brest","H",3,1,"W",2
"499","Ligue 1","FRA","Auxerre","Paris S-G","H",0,0,"D",0
"500","Ligue 1","FRA","Monaco","Toulouse","H",2,0,"W",2
"501","Ligue 1","FRA","Nice","Le Havre","H",2,1,"W",1
"502","Ligue 1","FRA","Angers","Lyon","H",0,3,"L",-3
"503","Ligue 1","FRA","Lens","Montpellier","H",2,0,"W",2
"504","Ligue 1","FRA","Nantes","Rennes","H",1,0,"W",1
"505","Ligue 1","FRA","Strasbourg","Reims","H",0,0,"D",0
"506","Ligue 1","FRA","Saint-Étienne","Marseille","H",0,2,"L",-2
"507","Ligue 1","FRA","Toulouse","Saint-Étienne","H",2,1,"W",1
"508","Ligue 1","FRA","Marseille","Lille","H",1,1,"D",0
"509","Ligue 1","FRA","Auxerre","Lens","H",2,2,"D",0
"510","Ligue 1","FRA","Reims","Monaco","H",0,0,"D",0
"511","Ligue 1","FRA","Montpellier","Nice","H",2,2,"D",0
"512","Ligue 1","FRA","Rennes","Angers","H",2,0,"W",2
"513","Ligue 1","FRA","Le Havre","Strasbourg","H",0,3,"L",-3
"514","Ligue 1","FRA","Brest","Nantes","H",4,1,"W",3
"515","Ligue 1","FRA","Paris S-G","Lyon","H",3,1,"W",2
"516","Ligue 1","FRA","Monaco","Paris S-G","H",2,4,"L",-2
"517","Ligue 1","FRA","Nice","Rennes","H",3,2,"W",1
"518","Ligue 1","FRA","Saint-Étienne","Reims","H",3,1,"W",2
"519","Ligue 1","FRA","Lille","Nantes","H",1,1,"D",0
"520","Ligue 1","FRA","Lyon","Montpellier","H",1,0,"W",1
"521","Ligue 1","FRA","Strasbourg","Auxerre","H",3,1,"W",2
"522","Ligue 1","FRA","Angers","Brest","H",2,0,"W",2
"523","Ligue 1","FRA","Lens","Toulouse","H",0,1,"L",-1
"524","Ligue 1","FRA","Marseille","Le Havre","H",5,1,"W",4
"525","Ligue 1","FRA","Nantes","Monaco","H",2,2,"D",0
"526","Ligue 1","FRA","Auxerre","Lille","H",0,0,"D",0
"527","Ligue 1","FRA","Brest","Lyon","H",2,1,"W",1
"528","Ligue 1","FRA","Reims","Nice","H",2,4,"L",-2
"529","Ligue 1","FRA","Rennes","Marseille","H",1,2,"L",-1
"530","Ligue 1","FRA","Le Havre","Lens","H",1,2,"L",-1
"531","Ligue 1","FRA","Toulouse","Strasbourg","H",1,2,"L",-1
"532","Ligue 1","FRA","Montpellier","Angers","H",1,3,"L",-2
"533","Ligue 1","FRA","Paris S-G","Saint-Étienne","H",2,1,"W",1
"534","Ligue 1","FRA","Montpellier","Monaco","H",2,1,"W",1
"535","Ligue 1","FRA","Lille","Nice","H",2,1,"W",1
"536","Ligue 1","FRA","Lens","Paris S-G","H",1,2,"L",-1
"537","Ligue 1","FRA","Rennes","Brest","H",1,2,"L",-1
"538","Ligue 1","FRA","Lyon","Toulouse","H",0,0,"D",0
"539","Ligue 1","FRA","Saint-Étienne","Nantes","H",1,1,"D",0
"540","Ligue 1","FRA","Angers","Auxerre","H",2,0,"W",2
"541","Ligue 1","FRA","Reims","Le Havre","H",1,1,"D",0
"542","Ligue 1","FRA","Marseille","Strasbourg","H",1,1,"D",0
"543","Ligue 1","FRA","Auxerre","Saint-Étienne","H",1,1,"D",0
"544","Ligue 1","FRA","Monaco","Rennes","H",3,2,"W",1
"545","Ligue 1","FRA","Strasbourg","Lille","H",2,1,"W",1
"546","Ligue 1","FRA","Paris S-G","Reims","H",1,1,"D",0
"547","Ligue 1","FRA","Le Havre","Brest","H",0,1,"L",-1
"548","Ligue 1","FRA","Toulouse","Montpellier","H",1,2,"L",-1
"549","Ligue 1","FRA","Nantes","Lyon","H",1,1,"D",0
"550","Ligue 1","FRA","Lens","Angers","H",1,0,"W",1
"551","Ligue 1","FRA","Nice","Marseille","H",2,0,"W",2
"552","Ligue 1","FRA","Montpellier","Lens","H",0,2,"L",-2
"553","Ligue 1","FRA","Brest","Paris S-G","H",2,5,"L",-3
"554","Ligue 1","FRA","Monaco","Auxerre","H",4,2,"W",2
"555","Ligue 1","FRA","Lille","Saint-Étienne","H",4,1,"W",3
"556","Ligue 1","FRA","Toulouse","Nice","H",1,1,"D",0
"557","Ligue 1","FRA","Reims","Nantes","H",1,2,"L",-1
"558","Ligue 1","FRA","Rennes","Strasbourg","H",1,0,"W",1
"559","Ligue 1","FRA","Angers","Le Havre","H",1,1,"D",0
"560","Ligue 1","FRA","Marseille","Lyon","H",3,2,"W",1
"561","Ligue 1","FRA","Nantes","Brest","H",0,2,"L",-2
"562","Ligue 1","FRA","Paris S-G","Monaco","H",4,1,"W",3
"563","Ligue 1","FRA","Nice","Lens","H",2,0,"W",2
"564","Ligue 1","FRA","Lille","Le Havre","H",1,2,"L",-1
"565","Ligue 1","FRA","Saint-Étienne","Rennes","H",0,2,"L",-2
"566","Ligue 1","FRA","Lyon","Reims","H",4,0,"W",4
"567","Ligue 1","FRA","Strasbourg","Montpellier","H",2,0,"W",2
"568","Ligue 1","FRA","Auxerre","Toulouse","H",2,2,"D",0
"569","Ligue 1","FRA","Angers","Marseille","H",0,2,"L",-2
"570","Ligue 1","FRA","Brest","Auxerre","H",2,2,"D",0
"571","Ligue 1","FRA","Marseille","Saint-Étienne","H",5,1,"W",4
"572","Ligue 1","FRA","Monaco","Nantes","H",7,1,"W",6
"573","Ligue 1","FRA","Toulouse","Paris S-G","H",0,1,"L",-1
"574","Ligue 1","FRA","Montpellier","Lyon","H",1,4,"L",-3
"575","Ligue 1","FRA","Lens","Strasbourg","H",0,2,"L",-2
"576","Ligue 1","FRA","Reims","Angers","H",0,1,"L",-1
"577","Ligue 1","FRA","Le Havre","Nice","H",1,3,"L",-2
"578","Ligue 1","FRA","Rennes","Lille","H",0,2,"L",-2
"579","Ligue 1","FRA","Rennes","Reims","H",1,0,"W",1
"580","Ligue 1","FRA","Lille","Monaco","H",2,1,"W",1
"581","Ligue 1","FRA","Saint-Étienne","Angers","H",3,3,"D",0
"582","Ligue 1","FRA","Auxerre","Marseille","H",3,0,"W",3
"583","Ligue 1","FRA","Nantes","Lens","H",3,1,"W",2
"584","Ligue 1","FRA","Nice","Montpellier","H",2,0,"W",2
"585","Ligue 1","FRA","Le Havre","Toulouse","H",1,4,"L",-3
"586","Ligue 1","FRA","Strasbourg","Brest","H",0,0,"D",0
"587","Ligue 1","FRA","Lyon","Paris S-G","H",2,3,"L",-1
"588","Ligue 1","FRA","Monaco","Reims","H",3,0,"W",3
"589","Ligue 1","FRA","Saint-Étienne","Nice","H",1,3,"L",-2
"590","Ligue 1","FRA","Lens","Le Havre","H",3,4,"L",-1
"591","Ligue 1","FRA","Paris S-G","Lille","H",4,1,"W",3
"592","Ligue 1","FRA","Lyon","Brest","H",2,1,"W",1
"593","Ligue 1","FRA","Montpellier","Rennes","H",0,4,"L",-4
"594","Ligue 1","FRA","Auxerre","Strasbourg","H",0,1,"L",-1
"595","Ligue 1","FRA","Angers","Toulouse","H",0,4,"L",-4
"596","Ligue 1","FRA","Marseille","Nantes","H",2,0,"W",2
"597","Ligue 1","FRA","Toulouse","Monaco","H",1,1,"D",0
"598","Ligue 1","FRA","Rennes","Paris S-G","H",1,4,"L",-3
"599","Ligue 1","FRA","Lille","Montpellier","H",1,0,"W",1
"600","Ligue 1","FRA","Marseille","Lens","H",0,1,"L",-1
"601","Ligue 1","FRA","Brest","Angers","H",2,0,"W",2
"602","Ligue 1","FRA","Reims","Auxerre","H",0,2,"L",-2
"603","Ligue 1","FRA","Le Havre","Saint-Étienne","H",1,1,"D",0
"604","Ligue 1","FRA","Nantes","Strasbourg","H",0,1,"L",-1
"605","Ligue 1","FRA","Nice","Lyon","H",0,2,"L",-2
"606","Ligue 1","FRA","Nice","Auxerre","H",1,1,"D",0
"607","Ligue 1","FRA","Nantes","Lille","H",1,0,"W",1
"608","Ligue 1","FRA","Angers","Monaco","H",0,2,"L",-2
"609","Ligue 1","FRA","Lens","Rennes","H",1,0,"W",1
"610","Ligue 1","FRA","Lyon","Le Havre","H",4,2,"W",2
"611","Ligue 1","FRA","Strasbourg","Toulouse","H",2,1,"W",1
"612","Ligue 1","FRA","Montpellier","Saint-Étienne","H",0,2,"L",-2
"613","Ligue 1","FRA","Brest","Reims","H",0,0,"D",0
"614","Ligue 1","FRA","Paris S-G","Marseille","H",3,1,"W",2
"615","Ligue 1","FRA","Strasbourg","Lyon","H",4,2,"W",2
"616","Ligue 1","FRA","Reims","Marseille","H",3,1,"W",2
"617","Ligue 1","FRA","Saint-Étienne","Paris S-G","H",1,6,"L",-5
"618","Ligue 1","FRA","Monaco","Nice","H",2,1,"W",1
"619","Ligue 1","FRA","Toulouse","Brest","H",2,4,"L",-2
"620","Ligue 1","FRA","Le Havre","Nantes","H",3,2,"W",1
"621","Ligue 1","FRA","Auxerre","Montpellier","H",1,0,"W",1
"622","Ligue 1","FRA","Angers","Rennes","H",0,3,"L",-3
"623","Ligue 1","FRA","Lille","Lens","H",1,0,"W",1
"624","Ligue 1","FRA","Nice","Nantes","H",1,2,"L",-1
"625","Ligue 1","FRA","Paris S-G","Angers","H",1,0,"W",1
"626","Ligue 1","FRA","Brest","Monaco","H",2,1,"W",1
"627","Ligue 1","FRA","Lyon","Lille","H",2,1,"W",1
"628","Ligue 1","FRA","Lens","Saint-Étienne","H",1,0,"W",1
"629","Ligue 1","FRA","Rennes","Auxerre","H",0,1,"L",-1
"630","Ligue 1","FRA","Reims","Strasbourg","H",0,1,"L",-1
"631","Ligue 1","FRA","Montpellier","Le Havre","H",0,2,"L",-2
"632","Ligue 1","FRA","Marseille","Toulouse","H",3,2,"W",1
"633","Ligue 1","FRA","Lens","Reims","H",0,2,"L",-2
"634","Ligue 1","FRA","Monaco","Marseille","H",3,0,"W",3
"635","Ligue 1","FRA","Toulouse","Lille","H",1,2,"L",-1
"636","Ligue 1","FRA","Strasbourg","Nice","H",2,2,"D",0
"637","Ligue 1","FRA","Saint-Étienne","Brest","H",3,3,"D",0
"638","Ligue 1","FRA","Angers","Montpellier","H",2,0,"W",2
"639","Ligue 1","FRA","Le Havre","Rennes","H",1,5,"L",-4
"640","Ligue 1","FRA","Auxerre","Lyon","H",1,3,"L",-2
"641","Ligue 1","FRA","Rennes","Nantes","H",2,1,"W",1
"642","Ligue 1","FRA","Paris S-G","Le Havre","H",2,1,"W",1
"643","Ligue 1","FRA","Monaco","Strasbourg","H",0,0,"D",0
"644","Ligue 1","FRA","Marseille","Montpellier","H",5,1,"W",4
"645","Ligue 1","FRA","Lille","Auxerre","H",3,1,"W",2
"646","Ligue 1","FRA","Brest","Lens","H",1,3,"L",-2
"647","Ligue 1","FRA","Nice","Angers","H",2,1,"W",1
"648","Ligue 1","FRA","Reims","Toulouse","H",1,0,"W",1
"649","Ligue 1","FRA","Saint-Étienne","Lyon","H",2,1,"W",1
"650","Ligue 1","FRA","Nantes","Paris S-G","H",1,1,"D",0
"651","Ligue 1","FRA","Paris S-G","Nice","H",1,3,"L",-2
"652","Ligue 1","FRA","Strasbourg","Saint-Étienne","H",3,1,"W",2
"653","Ligue 1","FRA","Le Havre","Monaco","H",1,1,"D",0
"654","Ligue 1","FRA","Lyon","Rennes","H",4,1,"W",3
"655","Ligue 1","FRA","Angers","Lille","H",0,2,"L",-2
"656","Ligue 1","FRA","Nantes","Toulouse","H",0,0,"D",0
"657","Ligue 1","FRA","Lens","Auxerre","H",0,4,"L",-4
"658","Ligue 1","FRA","Montpellier","Reims","H",0,0,"D",0
"659","Ligue 1","FRA","Marseille","Brest","H",4,1,"W",3
"660","Ligue 1","FRA","Nice","Reims","H",1,0,"W",1
"661","Ligue 1","FRA","Strasbourg","Paris S-G","H",2,1,"W",1
"662","Ligue 1","FRA","Toulouse","Rennes","H",2,1,"W",1
"663","Ligue 1","FRA","Saint-Étienne","Monaco","H",1,3,"L",-2
"664","Ligue 1","FRA","Nantes","Angers","H",0,1,"L",-1
"665","Ligue 1","FRA","Brest","Montpellier","H",1,0,"W",1
"666","Ligue 1","FRA","Lyon","Lens","H",1,2,"L",-1
"667","Ligue 1","FRA","Auxerre","Le Havre","H",1,2,"L",-1
"668","Ligue 1","FRA","Lille","Marseille","H",1,1,"D",0
"669","Ligue 1","FRA","Reims","Saint-Étienne","H",0,2,"L",-2
"670","Ligue 1","FRA","Rennes","Nice","H",2,0,"W",2
"671","Ligue 1","FRA","Angers","Strasbourg","H",2,1,"W",1
"672","Ligue 1","FRA","Le Havre","Marseille","H",1,3,"L",-2
"673","Ligue 1","FRA","Auxerre","Nantes","H",1,1,"D",0
"674","Ligue 1","FRA","Monaco","Lyon","H",2,0,"W",2
"675","Ligue 1","FRA","Toulouse","Lens","H",1,1,"D",0
"676","Ligue 1","FRA","Montpellier","Paris S-G","H",1,4,"L",-3
"677","Ligue 1","FRA","Brest","Lille","H",2,0,"W",2
"678","Ligue 1","FRA","Lille","Reims","H",2,1,"W",1
"679","Ligue 1","FRA","Lens","Monaco","H",4,0,"W",4
"680","Ligue 1","FRA","Nantes","Montpellier","H",3,0,"W",3
"681","Ligue 1","FRA","Paris S-G","Auxerre","H",3,1,"W",2
"682","Ligue 1","FRA","Strasbourg","Le Havre","H",2,3,"L",-1
"683","Ligue 1","FRA","Lyon","Angers","H",2,0,"W",2
"684","Ligue 1","FRA","Nice","Brest","H",6,0,"W",6
"685","Ligue 1","FRA","Marseille","Rennes","H",4,2,"W",2
"686","Ligue 1","FRA","Saint-Étienne","Toulouse","H",2,3,"L",-1
"687","Ligue 1","FRA","Metz","Reims","H",1,1,"D",0
"688","Ligue 1","FRA","Reims","Metz","H",1,3,"L",-2
"689","Fußball-Bundesliga","GER","Gladbach","Leverkusen","H",2,3,"L",-1
"690","Fußball-Bundesliga","GER","Hoffenheim","Holstein Kiel","H",3,2,"W",1
"691","Fußball-Bundesliga","GER","Mainz 05","Union Berlin","H",1,1,"D",0
"692","Fußball-Bundesliga","GER","Augsburg","Werder Bremen","H",2,2,"D",0
"693","Fußball-Bundesliga","GER","Freiburg","Stuttgart","H",3,1,"W",2
"694","Fußball-Bundesliga","GER","RB Leipzig","Bochum","H",1,0,"W",1
"695","Fußball-Bundesliga","GER","Dortmund","Eint Frankfurt","H",2,0,"W",2
"696","Fußball-Bundesliga","GER","Wolfsburg","Bayern Munich","H",2,3,"L",-1
"697","Fußball-Bundesliga","GER","St. Pauli","Heidenheim","H",0,2,"L",-2
"698","Fußball-Bundesliga","GER","Union Berlin","St. Pauli","H",1,0,"W",1
"699","Fußball-Bundesliga","GER","Werder Bremen","Dortmund","H",0,0,"D",0
"700","Fußball-Bundesliga","GER","Eint Frankfurt","Hoffenheim","H",3,1,"W",2
"701","Fußball-Bundesliga","GER","Bochum","Gladbach","H",0,2,"L",-2
"702","Fußball-Bundesliga","GER","Holstein Kiel","Wolfsburg","H",0,2,"L",-2
"703","Fußball-Bundesliga","GER","Stuttgart","Mainz 05","H",3,3,"D",0
"704","Fußball-Bundesliga","GER","Leverkusen","RB Leipzig","H",2,3,"L",-1
"705","Fußball-Bundesliga","GER","Heidenheim","Augsburg","H",4,0,"W",4
"706","Fußball-Bundesliga","GER","Bayern Munich","Freiburg","H",2,0,"W",2
"707","Fußball-Bundesliga","GER","Dortmund","Heidenheim","H",4,2,"W",2
"708","Fußball-Bundesliga","GER","RB Leipzig","Union Berlin","H",0,0,"D",0
"709","Fußball-Bundesliga","GER","Gladbach","Stuttgart","H",1,3,"L",-2
"710","Fußball-Bundesliga","GER","Freiburg","Bochum","H",2,1,"W",1
"711","Fußball-Bundesliga","GER","Wolfsburg","Eint Frankfurt","H",1,2,"L",-1
"712","Fußball-Bundesliga","GER","Hoffenheim","Leverkusen","H",1,4,"L",-3
"713","Fußball-Bundesliga","GER","Holstein Kiel","Bayern Munich","H",1,6,"L",-5
"714","Fußball-Bundesliga","GER","Augsburg","St. Pauli","H",3,1,"W",2
"715","Fußball-Bundesliga","GER","Mainz 05","Werder Bremen","H",1,2,"L",-1
"716","Fußball-Bundesliga","GER","Augsburg","Mainz 05","H",2,3,"L",-1
"717","Fußball-Bundesliga","GER","Union Berlin","Hoffenheim","H",2,1,"W",1
"718","Fußball-Bundesliga","GER","Bochum","Holstein Kiel","H",2,2,"D",0
"719","Fußball-Bundesliga","GER","Heidenheim","Freiburg","H",0,3,"L",-3
"720","Fußball-Bundesliga","GER","Werder Bremen","Bayern Munich","H",0,5,"L",-5
"721","Fußball-Bundesliga","GER","Eint Frankfurt","Gladbach","H",2,0,"W",2
"722","Fußball-Bundesliga","GER","Leverkusen","Wolfsburg","H",4,3,"W",1
"723","Fußball-Bundesliga","GER","Stuttgart","Dortmund","H",5,1,"W",4
"724","Fußball-Bundesliga","GER","St. Pauli","RB Leipzig","H",0,0,"D",0
"725","Fußball-Bundesliga","GER","Dortmund","Bochum","H",4,2,"W",2
"726","Fußball-Bundesliga","GER","Mainz 05","Heidenheim","H",0,2,"L",-2
"727","Fußball-Bundesliga","GER","Freiburg","St. Pauli","H",0,3,"L",-3
"728","Fußball-Bundesliga","GER","RB Leipzig","Augsburg","H",4,0,"W",4
"729","Fußball-Bundesliga","GER","Gladbach","Union Berlin","H",1,0,"W",1
"730","Fußball-Bundesliga","GER","Wolfsburg","Stuttgart","H",2,2,"D",0
"731","Fußball-Bundesliga","GER","Bayern Munich","Leverkusen","H",1,1,"D",0
"732","Fußball-Bundesliga","GER","Holstein Kiel","Eint Frankfurt","H",2,4,"L",-2
"733","Fußball-Bundesliga","GER","Hoffenheim","Werder Bremen","H",3,4,"L",-1
"734","Fußball-Bundesliga","GER","Augsburg","Gladbach","H",2,1,"W",1
"735","Fußball-Bundesliga","GER","Bochum","Wolfsburg","H",1,3,"L",-2
"736","Fußball-Bundesliga","GER","Union Berlin","Dortmund","H",2,1,"W",1
"737","Fußball-Bundesliga","GER","Werder Bremen","Freiburg","H",0,1,"L",-1
"738","Fußball-Bundesliga","GER","Leverkusen","Holstein Kiel","H",2,2,"D",0
"739","Fußball-Bundesliga","GER","St. Pauli","Mainz 05","H",0,3,"L",-3
"740","Fußball-Bundesliga","GER","Heidenheim","RB Leipzig","H",0,1,"L",-1
"741","Fußball-Bundesliga","GER","Eint Frankfurt","Bayern Munich","H",3,3,"D",0
"742","Fußball-Bundesliga","GER","Stuttgart","Hoffenheim","H",1,1,"D",0
"743","Fußball-Bundesliga","GER","Dortmund","St. Pauli","H",2,1,"W",1
"744","Fußball-Bundesliga","GER","Leverkusen","Eint Frankfurt","H",2,1,"W",1
"745","Fußball-Bundesliga","GER","Mainz 05","RB Leipzig","H",0,2,"L",-2
"746","Fußball-Bundesliga","GER","Freiburg","Augsburg","H",3,1,"W",2
"747","Fußball-Bundesliga","GER","Hoffenheim","Bochum","H",3,1,"W",2
"748","Fußball-Bundesliga","GER","Gladbach","Heidenheim","H",3,2,"W",1
"749","Fußball-Bundesliga","GER","Bayern Munich","Stuttgart","H",4,0,"W",4
"750","Fußball-Bundesliga","GER","Holstein Kiel","Union Berlin","H",0,2,"L",-2
"751","Fußball-Bundesliga","GER","Wolfsburg","Werder Bremen","H",2,4,"L",-2
"752","Fußball-Bundesliga","GER","Mainz 05","Gladbach","H",1,1,"D",0
"753","Fußball-Bundesliga","GER","St. Pauli","Wolfsburg","H",0,0,"D",0
"754","Fußball-Bundesliga","GER","Stuttgart","Holstein Kiel","H",2,1,"W",1
"755","Fußball-Bundesliga","GER","Augsburg","Dortmund","H",2,1,"W",1
"756","Fußball-Bundesliga","GER","RB Leipzig","Freiburg","H",3,1,"W",2
"757","Fußball-Bundesliga","GER","Werder Bremen","Leverkusen","H",2,2,"D",0
"758","Fußball-Bundesliga","GER","Bochum","Bayern Munich","H",0,5,"L",-5
"759","Fußball-Bundesliga","GER","Union Berlin","Eint Frankfurt","H",1,1,"D",0
"760","Fußball-Bundesliga","GER","Heidenheim","Hoffenheim","H",0,0,"D",0
"761","Fußball-Bundesliga","GER","Leverkusen","Stuttgart","H",0,0,"D",0
"762","Fußball-Bundesliga","GER","Wolfsburg","Augsburg","H",1,1,"D",0
"763","Fußball-Bundesliga","GER","Bayern Munich","Union Berlin","H",3,0,"W",3
"764","Fußball-Bundesliga","GER","Eint Frankfurt","Bochum","H",7,2,"W",5
"765","Fußball-Bundesliga","GER","Holstein Kiel","Heidenheim","H",1,0,"W",1
"766","Fußball-Bundesliga","GER","Hoffenheim","St. Pauli","H",0,2,"L",-2
"767","Fußball-Bundesliga","GER","Dortmund","RB Leipzig","H",2,1,"W",1
"768","Fußball-Bundesliga","GER","Freiburg","Mainz 05","H",0,0,"D",0
"769","Fußball-Bundesliga","GER","Gladbach","Werder Bremen","H",4,1,"W",3
"770","Fußball-Bundesliga","GER","Union Berlin","Freiburg","H",0,0,"D",0
"771","Fußball-Bundesliga","GER","Bochum","Leverkusen","H",1,1,"D",0
"772","Fußball-Bundesliga","GER","Werder Bremen","Holstein Kiel","H",2,1,"W",1
"773","Fußball-Bundesliga","GER","Mainz 05","Dortmund","H",3,1,"W",2
"774","Fußball-Bundesliga","GER","St. Pauli","Bayern Munich","H",0,1,"L",-1
"775","Fußball-Bundesliga","GER","RB Leipzig","Gladbach","H",0,0,"D",0
"776","Fußball-Bundesliga","GER","Augsburg","Hoffenheim","H",0,0,"D",0
"777","Fußball-Bundesliga","GER","Stuttgart","Eint Frankfurt","H",2,3,"L",-1
"778","Fußball-Bundesliga","GER","Heidenheim","Wolfsburg","H",1,3,"L",-2
"779","Fußball-Bundesliga","GER","Bayern Munich","Augsburg","H",3,0,"W",3
"780","Fußball-Bundesliga","GER","Wolfsburg","Union Berlin","H",1,0,"W",1
"781","Fußball-Bundesliga","GER","Leverkusen","Heidenheim","H",5,2,"W",3
"782","Fußball-Bundesliga","GER","Hoffenheim","RB Leipzig","H",4,3,"W",1
"783","Fußball-Bundesliga","GER","Stuttgart","Bochum","H",2,0,"W",2
"784","Fußball-Bundesliga","GER","Dortmund","Freiburg","H",4,0,"W",4
"785","Fußball-Bundesliga","GER","Eint Frankfurt","Werder Bremen","H",1,0,"W",1
"786","Fußball-Bundesliga","GER","Holstein Kiel","Mainz 05","H",0,3,"L",-3
"787","Fußball-Bundesliga","GER","Gladbach","St. Pauli","H",2,0,"W",2
"788","Fußball-Bundesliga","GER","St. Pauli","Holstein Kiel","H",3,1,"W",2
"789","Fußball-Bundesliga","GER","RB Leipzig","Wolfsburg","H",1,5,"L",-4
"790","Fußball-Bundesliga","GER","Freiburg","Gladbach","H",3,1,"W",2
"791","Fußball-Bundesliga","GER","Union Berlin","Leverkusen","H",1,2,"L",-1
"792","Fußball-Bundesliga","GER","Werder Bremen","Stuttgart","H",2,2,"D",0
"793","Fußball-Bundesliga","GER","Augsburg","Bochum","H",1,0,"W",1
"794","Fußball-Bundesliga","GER","Dortmund","Bayern Munich","H",1,1,"D",0
"795","Fußball-Bundesliga","GER","Mainz 05","Hoffenheim","H",2,0,"W",2
"796","Fußball-Bundesliga","GER","Heidenheim","Eint Frankfurt","H",0,4,"L",-4
"797","Fußball-Bundesliga","GER","Stuttgart","Union Berlin","H",3,2,"W",1
"798","Fußball-Bundesliga","GER","Bochum","Werder Bremen","H",0,1,"L",-1
"799","Fußball-Bundesliga","GER","Holstein Kiel","RB Leipzig","H",0,2,"L",-2
"800","Fußball-Bundesliga","GER","Leverkusen","St. Pauli","H",2,1,"W",1
"801","Fußball-Bundesliga","GER","Eint Frankfurt","Augsburg","H",2,2,"D",0
"802","Fußball-Bundesliga","GER","Bayern Munich","Heidenheim","H",4,2,"W",2
"803","Fußball-Bundesliga","GER","Gladbach","Dortmund","H",1,1,"D",0
"804","Fußball-Bundesliga","GER","Wolfsburg","Mainz 05","H",4,3,"W",1
"805","Fußball-Bundesliga","GER","Hoffenheim","Freiburg","H",1,1,"D",0
"806","Fußball-Bundesliga","GER","Freiburg","Wolfsburg","H",3,2,"W",1
"807","Fußball-Bundesliga","GER","Augsburg","Leverkusen","H",0,2,"L",-2
"808","Fußball-Bundesliga","GER","Mainz 05","Bayern Munich","H",2,1,"W",1
"809","Fußball-Bundesliga","GER","Union Berlin","Bochum","H",0,2,"L",-2
"810","Fußball-Bundesliga","GER","Gladbach","Holstein Kiel","H",4,1,"W",3
"811","Fußball-Bundesliga","GER","St. Pauli","Werder Bremen","H",0,2,"L",-2
"812","Fußball-Bundesliga","GER","Heidenheim","Stuttgart","H",1,3,"L",-2
"813","Fußball-Bundesliga","GER","Dortmund","Hoffenheim","H",1,1,"D",0
"814","Fußball-Bundesliga","GER","RB Leipzig","Eint Frankfurt","H",2,1,"W",1
"815","Fußball-Bundesliga","GER","Bayern Munich","RB Leipzig","H",5,1,"W",4
"816","Fußball-Bundesliga","GER","Werder Bremen","Union Berlin","H",4,1,"W",3
"817","Fußball-Bundesliga","GER","Eint Frankfurt","Mainz 05","H",1,3,"L",-2
"818","Fußball-Bundesliga","GER","Stuttgart","St. Pauli","H",0,1,"L",-1
"819","Fußball-Bundesliga","GER","Hoffenheim","Gladbach","H",1,2,"L",-1
"820","Fußball-Bundesliga","GER","Holstein Kiel","Augsburg","H",5,1,"W",4
"821","Fußball-Bundesliga","GER","Leverkusen","Freiburg","H",5,1,"W",4
"822","Fußball-Bundesliga","GER","Bochum","Heidenheim","H",2,0,"W",2
"823","Fußball-Bundesliga","GER","Wolfsburg","Dortmund","H",1,3,"L",-2
"824","Fußball-Bundesliga","GER","Dortmund","Leverkusen","H",2,3,"L",-1
"825","Fußball-Bundesliga","GER","Mainz 05","Bochum","H",2,0,"W",2
"826","Fußball-Bundesliga","GER","St. Pauli","Eint Frankfurt","H",0,1,"L",-1
"827","Fußball-Bundesliga","GER","Heidenheim","Union Berlin","H",2,0,"W",2
"828","Fußball-Bundesliga","GER","Freiburg","Holstein Kiel","H",3,2,"W",1
"829","Fußball-Bundesliga","GER","Hoffenheim","Wolfsburg","H",0,1,"L",-1
"830","Fußball-Bundesliga","GER","Gladbach","Bayern Munich","H",0,1,"L",-1
"831","Fußball-Bundesliga","GER","RB Leipzig","Werder Bremen","H",4,2,"W",2
"832","Fußball-Bundesliga","GER","Augsburg","Stuttgart","H",0,1,"L",-1
"833","Fußball-Bundesliga","GER","Holstein Kiel","Dortmund","H",4,2,"W",2
"834","Fußball-Bundesliga","GER","Wolfsburg","Gladbach","H",5,1,"W",4
"835","Fußball-Bundesliga","GER","Leverkusen","Mainz 05","H",1,0,"W",1
"836","Fußball-Bundesliga","GER","Eint Frankfurt","Freiburg","H",4,1,"W",3
"837","Fußball-Bundesliga","GER","Bochum","St. Pauli","H",1,0,"W",1
"838","Fußball-Bundesliga","GER","Union Berlin","Augsburg","H",0,2,"L",-2
"839","Fußball-Bundesliga","GER","Stuttgart","RB Leipzig","H",2,1,"W",1
"840","Fußball-Bundesliga","GER","Werder Bremen","Heidenheim","H",3,3,"D",0
"841","Fußball-Bundesliga","GER","Bayern Munich","Hoffenheim","H",5,0,"W",5
"842","Fußball-Bundesliga","GER","Eint Frankfurt","Dortmund","H",2,0,"W",2
"843","Fußball-Bundesliga","GER","Holstein Kiel","Hoffenheim","H",1,3,"L",-2
"844","Fußball-Bundesliga","GER","Heidenheim","St. Pauli","H",0,2,"L",-2
"845","Fußball-Bundesliga","GER","Bochum","RB Leipzig","H",3,3,"D",0
"846","Fußball-Bundesliga","GER","Stuttgart","Freiburg","H",4,0,"W",4
"847","Fußball-Bundesliga","GER","Bayern Munich","Wolfsburg","H",3,2,"W",1
"848","Fußball-Bundesliga","GER","Leverkusen","Gladbach","H",3,1,"W",2
"849","Fußball-Bundesliga","GER","Union Berlin","Mainz 05","H",2,1,"W",1
"850","Fußball-Bundesliga","GER","Werder Bremen","Augsburg","H",0,2,"L",-2
"851","Fußball-Bundesliga","GER","Wolfsburg","Holstein Kiel","H",2,2,"D",0
"852","Fußball-Bundesliga","GER","Freiburg","Bayern Munich","H",1,2,"L",-1
"853","Fußball-Bundesliga","GER","RB Leipzig","Leverkusen","H",2,2,"D",0
"854","Fußball-Bundesliga","GER","Dortmund","Werder Bremen","H",2,2,"D",0
"855","Fußball-Bundesliga","GER","Augsburg","Heidenheim","H",2,1,"W",1
"856","Fußball-Bundesliga","GER","Mainz 05","Stuttgart","H",2,0,"W",2
"857","Fußball-Bundesliga","GER","Gladbach","Bochum","H",3,0,"W",3
"858","Fußball-Bundesliga","GER","Hoffenheim","Eint Frankfurt","H",2,2,"D",0
"859","Fußball-Bundesliga","GER","St. Pauli","Union Berlin","H",3,0,"W",3
"860","Fußball-Bundesliga","GER","Werder Bremen","Mainz 05","H",1,0,"W",1
"861","Fußball-Bundesliga","GER","Heidenheim","Dortmund","H",1,2,"L",-1
"862","Fußball-Bundesliga","GER","St. Pauli","Augsburg","H",1,1,"D",0
"863","Fußball-Bundesliga","GER","Bayern Munich","Holstein Kiel","H",4,3,"W",1
"864","Fußball-Bundesliga","GER","Bochum","Freiburg","H",0,1,"L",-1
"865","Fußball-Bundesliga","GER","Stuttgart","Gladbach","H",1,2,"L",-1
"866","Fußball-Bundesliga","GER","Union Berlin","RB Leipzig","H",0,0,"D",0
"867","Fußball-Bundesliga","GER","Eint Frankfurt","Wolfsburg","H",1,1,"D",0
"868","Fußball-Bundesliga","GER","Leverkusen","Hoffenheim","H",3,1,"W",2
"869","Fußball-Bundesliga","GER","Bayern Munich","Werder Bremen","H",3,0,"W",3
"870","Fußball-Bundesliga","GER","Freiburg","Heidenheim","H",1,0,"W",1
"871","Fußball-Bundesliga","GER","Dortmund","Stuttgart","H",1,2,"L",-1
"872","Fußball-Bundesliga","GER","Wolfsburg","Leverkusen","H",0,0,"D",0
"873","Fußball-Bundesliga","GER","Hoffenheim","Union Berlin","H",0,4,"L",-4
"874","Fußball-Bundesliga","GER","Mainz 05","Augsburg","H",0,0,"D",0
"875","Fußball-Bundesliga","GER","Gladbach","Eint Frankfurt","H",1,1,"D",0
"876","Fußball-Bundesliga","GER","Holstein Kiel","Bochum","H",2,2,"D",0
"877","Fußball-Bundesliga","GER","RB Leipzig","St. Pauli","H",2,0,"W",2
"878","Fußball-Bundesliga","GER","Augsburg","RB Leipzig","H",0,0,"D",0
"879","Fußball-Bundesliga","GER","Stuttgart","Wolfsburg","H",1,2,"L",-1
"880","Fußball-Bundesliga","GER","Union Berlin","Gladbach","H",1,2,"L",-1
"881","Fußball-Bundesliga","GER","St. Pauli","Freiburg","H",0,1,"L",-1
"882","Fußball-Bundesliga","GER","Bochum","Dortmund","H",2,0,"W",2
"883","Fußball-Bundesliga","GER","Leverkusen","Bayern Munich","H",0,0,"D",0
"884","Fußball-Bundesliga","GER","Werder Bremen","Hoffenheim","H",1,3,"L",-2
"885","Fußball-Bundesliga","GER","Eint Frankfurt","Holstein Kiel","H",3,1,"W",2
"886","Fußball-Bundesliga","GER","Heidenheim","Mainz 05","H",0,2,"L",-2
"887","Fußball-Bundesliga","GER","Freiburg","Werder Bremen","H",5,0,"W",5
"888","Fußball-Bundesliga","GER","Mainz 05","St. Pauli","H",2,0,"W",2
"889","Fußball-Bundesliga","GER","Wolfsburg","Bochum","H",1,1,"D",0
"890","Fußball-Bundesliga","GER","Gladbach","Augsburg","H",0,3,"L",-3
"891","Fußball-Bundesliga","GER","Holstein Kiel","Leverkusen","H",0,2,"L",-2
"892","Fußball-Bundesliga","GER","Dortmund","Union Berlin","H",6,0,"W",6
"893","Fußball-Bundesliga","GER","RB Leipzig","Heidenheim","H",2,2,"D",0
"894","Fußball-Bundesliga","GER","Bayern Munich","Eint Frankfurt","H",4,0,"W",4
"895","Fußball-Bundesliga","GER","Hoffenheim","Stuttgart","H",1,1,"D",0
"896","Fußball-Bundesliga","GER","Stuttgart","Bayern Munich","H",1,3,"L",-2
"897","Fußball-Bundesliga","GER","Werder Bremen","Wolfsburg","H",1,2,"L",-1
"898","Fußball-Bundesliga","GER","RB Leipzig","Mainz 05","H",1,2,"L",-1
"899","Fußball-Bundesliga","GER","Heidenheim","Gladbach","H",0,3,"L",-3
"900","Fußball-Bundesliga","GER","Bochum","Hoffenheim","H",0,1,"L",-1
"901","Fußball-Bundesliga","GER","St. Pauli","Dortmund","H",0,2,"L",-2
"902","Fußball-Bundesliga","GER","Eint Frankfurt","Leverkusen","H",1,4,"L",-3
"903","Fußball-Bundesliga","GER","Union Berlin","Holstein Kiel","H",0,1,"L",-1
"904","Fußball-Bundesliga","GER","Augsburg","Freiburg","H",0,0,"D",0
"905","Fußball-Bundesliga","GER","Gladbach","Mainz 05","H",1,3,"L",-2
"906","Fußball-Bundesliga","GER","Leverkusen","Werder Bremen","H",0,2,"L",-2
"907","Fußball-Bundesliga","GER","Bayern Munich","Bochum","H",2,3,"L",-1
"908","Fußball-Bundesliga","GER","Holstein Kiel","Stuttgart","H",2,2,"D",0
"909","Fußball-Bundesliga","GER","Wolfsburg","St. Pauli","H",1,1,"D",0
"910","Fußball-Bundesliga","GER","Dortmund","Augsburg","H",0,1,"L",-1
"911","Fußball-Bundesliga","GER","Freiburg","RB Leipzig","H",0,0,"D",0
"912","Fußball-Bundesliga","GER","Eint Frankfurt","Union Berlin","H",1,2,"L",-1
"913","Fußball-Bundesliga","GER","Hoffenheim","Heidenheim","H",1,1,"D",0
"914","Fußball-Bundesliga","GER","St. Pauli","Hoffenheim","H",1,0,"W",1
"915","Fußball-Bundesliga","GER","Union Berlin","Bayern Munich","H",1,1,"D",0
"916","Fußball-Bundesliga","GER","Werder Bremen","Gladbach","H",2,4,"L",-2
"917","Fußball-Bundesliga","GER","Mainz 05","Freiburg","H",2,2,"D",0
"918","Fußball-Bundesliga","GER","Augsburg","Wolfsburg","H",1,0,"W",1
"919","Fußball-Bundesliga","GER","RB Leipzig","Dortmund","H",2,0,"W",2
"920","Fußball-Bundesliga","GER","Bochum","Eint Frankfurt","H",1,3,"L",-2
"921","Fußball-Bundesliga","GER","Heidenheim","Holstein Kiel","H",3,1,"W",2
"922","Fußball-Bundesliga","GER","Stuttgart","Leverkusen","H",3,4,"L",-1
"923","Fußball-Bundesliga","GER","Leverkusen","Bochum","H",3,1,"W",2
"924","Fußball-Bundesliga","GER","Hoffenheim","Augsburg","H",1,1,"D",0
"925","Fußball-Bundesliga","GER","Holstein Kiel","Werder Bremen","H",0,3,"L",-3
"926","Fußball-Bundesliga","GER","Gladbach","RB Leipzig","H",1,0,"W",1
"927","Fußball-Bundesliga","GER","Bayern Munich","St. Pauli","H",3,2,"W",1
"928","Fußball-Bundesliga","GER","Wolfsburg","Heidenheim","H",0,1,"L",-1
"929","Fußball-Bundesliga","GER","Eint Frankfurt","Stuttgart","H",1,0,"W",1
"930","Fußball-Bundesliga","GER","Freiburg","Union Berlin","H",1,2,"L",-1
"931","Fußball-Bundesliga","GER","Dortmund","Mainz 05","H",3,1,"W",2
"932","Fußball-Bundesliga","GER","Augsburg","Bayern Munich","H",1,3,"L",-2
"933","Fußball-Bundesliga","GER","Mainz 05","Holstein Kiel","H",1,1,"D",0
"934","Fußball-Bundesliga","GER","RB Leipzig","Hoffenheim","H",3,1,"W",2
"935","Fußball-Bundesliga","GER","Freiburg","Dortmund","H",1,4,"L",-3
"936","Fußball-Bundesliga","GER","Bochum","Stuttgart","H",0,4,"L",-4
"937","Fußball-Bundesliga","GER","Heidenheim","Leverkusen","H",0,1,"L",-1
"938","Fußball-Bundesliga","GER","Werder Bremen","Eint Frankfurt","H",2,0,"W",2
"939","Fußball-Bundesliga","GER","St. Pauli","Gladbach","H",1,1,"D",0
"940","Fußball-Bundesliga","GER","Union Berlin","Wolfsburg","H",1,0,"W",1
"941","Fußball-Bundesliga","GER","Wolfsburg","RB Leipzig","H",2,3,"L",-1
"942","Fußball-Bundesliga","GER","Hoffenheim","Mainz 05","H",2,0,"W",2
"943","Fußball-Bundesliga","GER","Gladbach","Freiburg","H",1,2,"L",-1
"944","Fußball-Bundesliga","GER","Bochum","Augsburg","H",1,2,"L",-1
"945","Fußball-Bundesliga","GER","Leverkusen","Union Berlin","H",0,0,"D",0
"946","Fußball-Bundesliga","GER","Holstein Kiel","St. Pauli","H",1,2,"L",-1
"947","Fußball-Bundesliga","GER","Bayern Munich","Dortmund","H",2,2,"D",0
"948","Fußball-Bundesliga","GER","Stuttgart","Werder Bremen","H",1,2,"L",-1
"949","Fußball-Bundesliga","GER","Eint Frankfurt","Heidenheim","H",3,0,"W",3
"950","Fußball-Bundesliga","GER","RB Leipzig","Holstein Kiel","H",1,1,"D",0
"951","Fußball-Bundesliga","GER","Freiburg","Hoffenheim","H",3,2,"W",1
"952","Fußball-Bundesliga","GER","Werder Bremen","Bochum","H",1,0,"W",1
"953","Fußball-Bundesliga","GER","Heidenheim","Bayern Munich","H",0,4,"L",-4
"954","Fußball-Bundesliga","GER","Mainz 05","Wolfsburg","H",2,2,"D",0
"955","Fußball-Bundesliga","GER","Union Berlin","Stuttgart","H",4,4,"D",0
"956","Fußball-Bundesliga","GER","Augsburg","Eint Frankfurt","H",0,0,"D",0
"957","Fußball-Bundesliga","GER","Dortmund","Gladbach","H",3,2,"W",1
"958","Fußball-Bundesliga","GER","St. Pauli","Leverkusen","H",1,1,"D",0
"959","Fußball-Bundesliga","GER","Stuttgart","Heidenheim","H",0,1,"L",-1
"960","Fußball-Bundesliga","GER","Hoffenheim","Dortmund","H",2,3,"L",-1
"961","Fußball-Bundesliga","GER","Bayern Munich","Mainz 05","H",3,0,"W",3
"962","Fußball-Bundesliga","GER","Leverkusen","Augsburg","H",2,0,"W",2
"963","Fußball-Bundesliga","GER","Holstein Kiel","Gladbach","H",4,3,"W",1
"964","Fußball-Bundesliga","GER","Wolfsburg","Freiburg","H",0,1,"L",-1
"965","Fußball-Bundesliga","GER","Eint Frankfurt","RB Leipzig","H",4,0,"W",4
"966","Fußball-Bundesliga","GER","Bochum","Union Berlin","H",1,1,"D",0
"967","Fußball-Bundesliga","GER","Werder Bremen","St. Pauli","H",0,0,"D",0
"968","Fußball-Bundesliga","GER","Heidenheim","Bochum","H",0,0,"D",0
"969","Fußball-Bundesliga","GER","St. Pauli","Stuttgart","H",0,1,"L",-1
"970","Fußball-Bundesliga","GER","Gladbach","Hoffenheim","H",4,4,"D",0
"971","Fußball-Bundesliga","GER","RB Leipzig","Bayern Munich","H",3,3,"D",0
"972","Fußball-Bundesliga","GER","Union Berlin","Werder Bremen","H",2,2,"D",0
"973","Fußball-Bundesliga","GER","Dortmund","Wolfsburg","H",4,0,"W",4
"974","Fußball-Bundesliga","GER","Augsburg","Holstein Kiel","H",1,3,"L",-2
"975","Fußball-Bundesliga","GER","Freiburg","Leverkusen","H",2,2,"D",0
"976","Fußball-Bundesliga","GER","Mainz 05","Eint Frankfurt","H",1,1,"D",0
"977","Fußball-Bundesliga","GER","Wolfsburg","Hoffenheim","H",2,2,"D",0
"978","Fußball-Bundesliga","GER","Bochum","Mainz 05","H",1,4,"L",-3
"979","Fußball-Bundesliga","GER","Werder Bremen","RB Leipzig","H",0,0,"D",0
"980","Fußball-Bundesliga","GER","Holstein Kiel","Freiburg","H",1,2,"L",-1
"981","Fußball-Bundesliga","GER","Union Berlin","Heidenheim","H",0,3,"L",-3
"982","Fußball-Bundesliga","GER","Bayern Munich","Gladbach","H",2,0,"W",2
"983","Fußball-Bundesliga","GER","Leverkusen","Dortmund","H",2,4,"L",-2
"984","Fußball-Bundesliga","GER","Eint Frankfurt","St. Pauli","H",2,2,"D",0
"985","Fußball-Bundesliga","GER","Stuttgart","Augsburg","H",4,0,"W",4
"986","Fußball-Bundesliga","GER","RB Leipzig","Stuttgart","H",2,3,"L",-1
"987","Fußball-Bundesliga","GER","Gladbach","Wolfsburg","H",0,1,"L",-1
"988","Fußball-Bundesliga","GER","Heidenheim","Werder Bremen","H",1,4,"L",-3
"989","Fußball-Bundesliga","GER","St. Pauli","Bochum","H",0,2,"L",-2
"990","Fußball-Bundesliga","GER","Freiburg","Eint Frankfurt","H",1,3,"L",-2
"991","Fußball-Bundesliga","GER","Augsburg","Union Berlin","H",1,2,"L",-1
"992","Fußball-Bundesliga","GER","Mainz 05","Leverkusen","H",2,2,"D",0
"993","Fußball-Bundesliga","GER","Dortmund","Holstein Kiel","H",3,0,"W",3
"994","Fußball-Bundesliga","GER","Hoffenheim","Bayern Munich","H",0,4,"L",-4
"995","Fußball-Bundesliga","GER","Heidenheim","Elversberg","H",2,2,"D",0
"996","Fußball-Bundesliga","GER","Elversberg","Heidenheim","H",1,2,"L",-1
"997","La Liga","ESP","Athletic Club","Getafe","H",1,1,"D",0
"998","La Liga","ESP","Betis","Girona","H",1,1,"D",0
"999","La Liga","ESP","Celta Vigo","Alavés","H",2,1,"W",1
"1000","La Liga","ESP","Las Palmas","Sevilla","H",2,2,"D",0
"1001","La Liga","ESP","Osasuna","Leganés","H",1,1,"D",0
"1002","La Liga","ESP","Valencia","Barcelona","H",1,2,"L",-1
"1003","La Liga","ESP","Real Sociedad","Rayo Vallecano","H",1,2,"L",-1
"1004","La Liga","ESP","Mallorca","Real Madrid","H",1,1,"D",0
"1005","La Liga","ESP","Valladolid","Espanyol","H",1,0,"W",1
"1006","La Liga","ESP","Villarreal","Atlético Madrid","H",2,2,"D",0
"1007","La Liga","ESP","Celta Vigo","Valencia","H",3,1,"W",2
"1008","La Liga","ESP","Sevilla","Villarreal","H",1,2,"L",-1
"1009","La Liga","ESP","Osasuna","Mallorca","H",1,0,"W",1
"1010","La Liga","ESP","Barcelona","Athletic Club","H",2,1,"W",1
"1011","La Liga","ESP","Getafe","Rayo Vallecano","H",0,0,"D",0
"1012","La Liga","ESP","Espanyol","Real Sociedad","H",0,1,"L",-1
"1013","La Liga","ESP","Real Madrid","Valladolid","H",3,0,"W",3
"1014","La Liga","ESP","Leganés","Las Palmas","H",2,1,"W",1
"1015","La Liga","ESP","Alavés","Betis","H",0,0,"D",0
"1016","La Liga","ESP","Atlético Madrid","Girona","H",3,0,"W",3
"1017","La Liga","ESP","Villarreal","Celta Vigo","H",4,3,"W",1
"1018","La Liga","ESP","Mallorca","Sevilla","H",0,0,"D",0
"1019","La Liga","ESP","Rayo Vallecano","Barcelona","H",1,2,"L",-1
"1020","La Liga","ESP","Athletic Club","Valencia","H",1,0,"W",1
"1021","La Liga","ESP","Valladolid","Leganés","H",0,0,"D",0
"1022","La Liga","ESP","Atlético Madrid","Espanyol","H",0,0,"D",0
"1023","La Liga","ESP","Real Sociedad","Alavés","H",1,2,"L",-1
"1024","La Liga","ESP","Girona","Osasuna","H",4,0,"W",4
"1025","La Liga","ESP","Las Palmas","Real Madrid","H",1,1,"D",0
"1026","La Liga","ESP","Barcelona","Valladolid","H",7,0,"W",7
"1027","La Liga","ESP","Athletic Club","Atlético Madrid","H",0,1,"L",-1
"1028","La Liga","ESP","Espanyol","Rayo Vallecano","H",2,1,"W",1
"1029","La Liga","ESP","Valencia","Villarreal","H",1,1,"D",0
"1030","La Liga","ESP","Leganés","Mallorca","H",0,1,"L",-1
"1031","La Liga","ESP","Alavés","Las Palmas","H",2,0,"W",2
"1032","La Liga","ESP","Osasuna","Celta Vigo","H",3,2,"W",1
"1033","La Liga","ESP","Sevilla","Girona","H",0,2,"L",-2
"1034","La Liga","ESP","Getafe","Real Sociedad","H",0,0,"D",0
"1035","La Liga","ESP","Real Madrid","Betis","H",2,0,"W",2
"1036","La Liga","ESP","Betis","Leganés","H",2,0,"W",2
"1037","La Liga","ESP","Mallorca","Villarreal","H",1,2,"L",-1
"1038","La Liga","ESP","Espanyol","Alavés","H",3,2,"W",1
"1039","La Liga","ESP","Sevilla","Getafe","H",1,0,"W",1
"1040","La Liga","ESP","Real Sociedad","Real Madrid","H",0,2,"L",-2
"1041","La Liga","ESP","Celta Vigo","Valladolid","H",3,1,"W",2
"1042","La Liga","ESP","Girona","Barcelona","H",1,4,"L",-3
"1043","La Liga","ESP","Las Palmas","Athletic Club","H",2,3,"L",-1
"1044","La Liga","ESP","Atlético Madrid","Valencia","H",3,0,"W",3
"1045","La Liga","ESP","Rayo Vallecano","Osasuna","H",3,1,"W",2
"1046","La Liga","ESP","Mallorca","Real Sociedad","H",1,0,"W",1
"1047","La Liga","ESP","Betis","Getafe","H",2,1,"W",1
"1048","La Liga","ESP","Leganés","Athletic Club","H",0,2,"L",-2
"1049","La Liga","ESP","Alavés","Sevilla","H",2,1,"W",1
"1050","La Liga","ESP","Valladolid","Real Sociedad","H",0,0,"D",0
"1051","La Liga","ESP","Osasuna","Las Palmas","H",2,1,"W",1
"1052","La Liga","ESP","Valencia","Girona","H",2,0,"W",2
"1053","La Liga","ESP","Real Madrid","Espanyol","H",4,1,"W",3
"1054","La Liga","ESP","Getafe","Leganés","H",1,1,"D",0
"1055","La Liga","ESP","Athletic Club","Celta Vigo","H",3,1,"W",2
"1056","La Liga","ESP","Villarreal","Barcelona","H",1,5,"L",-4
"1057","La Liga","ESP","Rayo Vallecano","Atlético Madrid","H",1,1,"D",0
"1058","La Liga","ESP","Betis","Mallorca","H",1,2,"L",-1
"1059","La Liga","ESP","Sevilla","Valladolid","H",2,1,"W",1
"1060","La Liga","ESP","Valencia","Osasuna","H",0,0,"D",0
"1061","La Liga","ESP","Real Madrid","Alavés","H",3,2,"W",1
"1062","La Liga","ESP","Girona","Rayo Vallecano","H",0,0,"D",0
"1063","La Liga","ESP","Barcelona","Getafe","H",1,0,"W",1
"1064","La Liga","ESP","Las Palmas","Betis","H",1,1,"D",0
"1065","La Liga","ESP","Espanyol","Villarreal","H",1,2,"L",-1
"1066","La Liga","ESP","Celta Vigo","Atlético Madrid","H",0,1,"L",-1
"1067","La Liga","ESP","Valladolid","Mallorca","H",1,2,"L",-1
"1068","La Liga","ESP","Getafe","Alavés","H",2,0,"W",2
"1069","La Liga","ESP","Rayo Vallecano","Leganés","H",1,1,"D",0
"1070","La Liga","ESP","Real Sociedad","Valencia","H",3,0,"W",3
"1071","La Liga","ESP","Osasuna","Barcelona","H",4,2,"W",2
"1072","La Liga","ESP","Celta Vigo","Girona","H",1,1,"D",0
"1073","La Liga","ESP","Athletic Club","Sevilla","H",1,1,"D",0
"1074","La Liga","ESP","Betis","Espanyol","H",1,0,"W",1
"1075","La Liga","ESP","Atlético Madrid","Real Madrid","H",1,1,"D",0
"1076","La Liga","ESP","Villarreal","Las Palmas","H",3,1,"W",2
"1077","La Liga","ESP","Leganés","Valencia","H",0,0,"D",0
"1078","La Liga","ESP","Espanyol","Mallorca","H",2,1,"W",1
"1079","La Liga","ESP","Getafe","Osasuna","H",1,1,"D",0
"1080","La Liga","ESP","Las Palmas","Celta Vigo","H",0,1,"L",-1
"1081","La Liga","ESP","Valladolid","Rayo Vallecano","H",1,2,"L",-1
"1082","La Liga","ESP","Real Madrid","Villarreal","H",2,0,"W",2
"1083","La Liga","ESP","Girona","Athletic Club","H",2,1,"W",1
"1084","La Liga","ESP","Alavés","Barcelona","H",0,3,"L",-3
"1085","La Liga","ESP","Sevilla","Betis","H",1,0,"W",1
"1086","La Liga","ESP","Real Sociedad","Atlético Madrid","H",1,1,"D",0
"1087","La Liga","ESP","Alavés","Valladolid","H",2,3,"L",-1
"1088","La Liga","ESP","Athletic Club","Espanyol","H",4,1,"W",3
"1089","La Liga","ESP","Osasuna","Betis","H",1,2,"L",-1
"1090","La Liga","ESP","Girona","Real Sociedad","H",0,1,"L",-1
"1091","La Liga","ESP","Celta Vigo","Real Madrid","H",1,2,"L",-1
"1092","La Liga","ESP","Mallorca","Rayo Vallecano","H",1,0,"W",1
"1093","La Liga","ESP","Atlético Madrid","Leganés","H",3,1,"W",2
"1094","La Liga","ESP","Villarreal","Getafe","H",1,1,"D",0
"1095","La Liga","ESP","Barcelona","Sevilla","H",5,1,"W",4
"1096","La Liga","ESP","Valencia","Las Palmas","H",2,3,"L",-1
"1097","La Liga","ESP","Espanyol","Sevilla","H",0,2,"L",-2
"1098","La Liga","ESP","Valladolid","Villarreal","H",1,2,"L",-1
"1099","La Liga","ESP","Rayo Vallecano","Alavés","H",1,0,"W",1
"1100","La Liga","ESP","Las Palmas","Girona","H",1,0,"W",1
"1101","La Liga","ESP","Real Madrid","Barcelona","H",0,4,"L",-4
"1102","La Liga","ESP","Leganés","Celta Vigo","H",3,0,"W",3
"1103","La Liga","ESP","Getafe","Valencia","H",1,1,"D",0
"1104","La Liga","ESP","Betis","Atlético Madrid","H",1,0,"W",1
"1105","La Liga","ESP","Real Sociedad","Osasuna","H",0,2,"L",-2
"1106","La Liga","ESP","Mallorca","Athletic Club","H",0,0,"D",0
"1107","La Liga","ESP","Alavés","Mallorca","H",1,0,"W",1
"1108","La Liga","ESP","Osasuna","Valladolid","H",1,0,"W",1
"1109","La Liga","ESP","Girona","Leganés","H",4,3,"W",1
"1110","La Liga","ESP","Atlético Madrid","Las Palmas","H",2,0,"W",2
"1111","La Liga","ESP","Barcelona","Espanyol","H",3,1,"W",2
"1112","La Liga","ESP","Sevilla","Real Sociedad","H",0,2,"L",-2
"1113","La Liga","ESP","Athletic Club","Betis","H",1,1,"D",0
"1114","La Liga","ESP","Celta Vigo","Getafe","H",1,0,"W",1
"1115","La Liga","ESP","Rayo Vallecano","Las Palmas","H",1,3,"L",-2
"1116","La Liga","ESP","Real Madrid","Osasuna","H",4,0,"W",4
"1117","La Liga","ESP","Villarreal","Alavés","H",3,0,"W",3
"1118","La Liga","ESP","Leganés","Sevilla","H",1,0,"W",1
"1119","La Liga","ESP","Betis","Celta Vigo","H",2,2,"D",0
"1120","La Liga","ESP","Mallorca","Atlético Madrid","H",0,1,"L",-1
"1121","La Liga","ESP","Valladolid","Athletic Club","H",1,1,"D",0
"1122","La Liga","ESP","Getafe","Girona","H",0,1,"L",-1
"1123","La Liga","ESP","Real Sociedad","Barcelona","H",1,0,"W",1
"1124","La Liga","ESP","Getafe","Valladolid","H",2,0,"W",2
"1125","La Liga","ESP","Valencia","Betis","H",4,2,"W",2
"1126","La Liga","ESP","Atlético Madrid","Alavés","H",2,1,"W",1
"1127","La Liga","ESP","Las Palmas","Mallorca","H",2,3,"L",-1
"1128","La Liga","ESP","Girona","Espanyol","H",4,1,"W",3
"1129","La Liga","ESP","Celta Vigo","Barcelona","H",2,2,"D",0
"1130","La Liga","ESP","Osasuna","Villarreal","H",2,2,"D",0
"1131","La Liga","ESP","Sevilla","Rayo Vallecano","H",1,0,"W",1
"1132","La Liga","ESP","Leganés","Real Madrid","H",0,3,"L",-3
"1133","La Liga","ESP","Athletic Club","Real Sociedad","H",1,0,"W",1
"1134","La Liga","ESP","Mallorca","Valencia","H",2,1,"W",1
"1135","La Liga","ESP","Barcelona","Las Palmas","H",1,2,"L",-1
"1136","La Liga","ESP","Alavés","Leganés","H",1,1,"D",0
"1137","La Liga","ESP","Espanyol","Celta Vigo","H",3,1,"W",2
"1138","La Liga","ESP","Valladolid","Atlético Madrid","H",0,5,"L",-5
"1139","La Liga","ESP","Villarreal","Girona","H",2,2,"D",0
"1140","La Liga","ESP","Real Madrid","Getafe","H",2,0,"W",2
"1141","La Liga","ESP","Rayo Vallecano","Athletic Club","H",1,2,"L",-1
"1142","La Liga","ESP","Real Sociedad","Betis","H",2,0,"W",2
"1143","La Liga","ESP","Sevilla","Osasuna","H",1,1,"D",0
"1144","La Liga","ESP","Mallorca","Barcelona","H",1,5,"L",-4
"1145","La Liga","ESP","Athletic Club","Real Madrid","H",2,1,"W",1
"1146","La Liga","ESP","Celta Vigo","Mallorca","H",2,0,"W",2
"1147","La Liga","ESP","Las Palmas","Valladolid","H",2,1,"W",1
"1148","La Liga","ESP","Betis","Barcelona","H",2,2,"D",0
"1149","La Liga","ESP","Valencia","Rayo Vallecano","H",0,1,"L",-1
"1150","La Liga","ESP","Girona","Real Madrid","H",0,3,"L",-3
"1151","La Liga","ESP","Leganés","Real Sociedad","H",0,3,"L",-3
"1152","La Liga","ESP","Athletic Club","Villarreal","H",2,0,"W",2
"1153","La Liga","ESP","Osasuna","Alavés","H",2,2,"D",0
"1154","La Liga","ESP","Atlético Madrid","Sevilla","H",4,3,"W",1
"1155","La Liga","ESP","Getafe","Espanyol","H",1,0,"W",1
"1156","La Liga","ESP","Valladolid","Valencia","H",1,0,"W",1
"1157","La Liga","ESP","Espanyol","Osasuna","H",0,0,"D",0
"1158","La Liga","ESP","Mallorca","Girona","H",2,1,"W",1
"1159","La Liga","ESP","Sevilla","Celta Vigo","H",1,0,"W",1
"1160","La Liga","ESP","Rayo Vallecano","Real Madrid","H",3,3,"D",0
"1161","La Liga","ESP","Atlético Madrid","Getafe","H",1,0,"W",1
"1162","La Liga","ESP","Alavés","Athletic Club","H",1,1,"D",0
"1163","La Liga","ESP","Real Sociedad","Las Palmas","H",0,0,"D",0
"1164","La Liga","ESP","Villarreal","Betis","H",1,2,"L",-1
"1165","La Liga","ESP","Barcelona","Leganés","H",0,1,"L",-1
"1166","La Liga","ESP","Villarreal","Rayo Vallecano","H",1,1,"D",0
"1167","La Liga","ESP","Espanyol","Valencia","H",1,1,"D",0
"1168","La Liga","ESP","Girona","Valladolid","H",3,0,"W",3
"1169","La Liga","ESP","Getafe","Mallorca","H",0,1,"L",-1
"1170","La Liga","ESP","Celta Vigo","Real Sociedad","H",2,0,"W",2
"1171","La Liga","ESP","Osasuna","Athletic Club","H",1,2,"L",-1
"1172","La Liga","ESP","Barcelona","Atlético Madrid","H",1,2,"L",-1
"1173","La Liga","ESP","Valencia","Alavés","H",2,2,"D",0
"1174","La Liga","ESP","Real Madrid","Sevilla","H",4,2,"W",2
"1175","La Liga","ESP","Las Palmas","Espanyol","H",1,0,"W",1
"1176","La Liga","ESP","Leganés","Villarreal","H",2,5,"L",-3
"1177","La Liga","ESP","Betis","Rayo Vallecano","H",1,1,"D",0
"1178","La Liga","ESP","Valencia","Real Madrid","H",1,2,"L",-1
"1179","La Liga","ESP","Rayo Vallecano","Celta Vigo","H",2,1,"W",1
"1180","La Liga","ESP","Alavés","Girona","H",0,1,"L",-1
"1181","La Liga","ESP","Valladolid","Betis","H",1,0,"W",1
"1182","La Liga","ESP","Espanyol","Leganés","H",1,1,"D",0
"1183","La Liga","ESP","Sevilla","Valencia","H",1,1,"D",0
"1184","La Liga","ESP","Las Palmas","Getafe","H",1,2,"L",-1
"1185","La Liga","ESP","Atlético Madrid","Osasuna","H",1,0,"W",1
"1186","La Liga","ESP","Real Sociedad","Villarreal","H",1,0,"W",1
"1187","La Liga","ESP","Espanyol","Valladolid","H",2,1,"W",1
"1188","La Liga","ESP","Girona","Sevilla","H",1,2,"L",-1
"1189","La Liga","ESP","Leganés","Atlético Madrid","H",1,0,"W",1
"1190","La Liga","ESP","Betis","Alavés","H",1,3,"L",-2
"1191","La Liga","ESP","Getafe","Barcelona","H",1,1,"D",0
"1192","La Liga","ESP","Celta Vigo","Athletic Club","H",1,2,"L",-1
"1193","La Liga","ESP","Real Madrid","Las Palmas","H",4,1,"W",3
"1194","La Liga","ESP","Osasuna","Rayo Vallecano","H",1,1,"D",0
"1195","La Liga","ESP","Valencia","Real Sociedad","H",1,0,"W",1
"1196","La Liga","ESP","Villarreal","Mallorca","H",4,0,"W",4
"1197","La Liga","ESP","Las Palmas","Osasuna","H",1,1,"D",0
"1198","La Liga","ESP","Mallorca","Betis","H",0,1,"L",-1
"1199","La Liga","ESP","Atlético Madrid","Villarreal","H",1,1,"D",0
"1200","La Liga","ESP","Sevilla","Espanyol","H",1,1,"D",0
"1201","La Liga","ESP","Valladolid","Real Madrid","H",0,3,"L",-3
"1202","La Liga","ESP","Rayo Vallecano","Girona","H",2,1,"W",1
"1203","La Liga","ESP","Real Sociedad","Getafe","H",0,3,"L",-3
"1204","La Liga","ESP","Athletic Club","Leganés","H",0,0,"D",0
"1205","La Liga","ESP","Barcelona","Valencia","H",7,1,"W",6
"1206","La Liga","ESP","Alavés","Celta Vigo","H",1,1,"D",0
"1207","La Liga","ESP","Leganés","Rayo Vallecano","H",0,1,"L",-1
"1208","La Liga","ESP","Getafe","Sevilla","H",0,0,"D",0
"1209","La Liga","ESP","Villarreal","Valladolid","H",5,1,"W",4
"1210","La Liga","ESP","Atlético Madrid","Mallorca","H",2,0,"W",2
"1211","La Liga","ESP","Espanyol","Real Madrid","H",1,0,"W",1
"1212","La Liga","ESP","Barcelona","Alavés","H",1,0,"W",1
"1213","La Liga","ESP","Valencia","Celta Vigo","H",2,1,"W",1
"1214","La Liga","ESP","Osasuna","Real Sociedad","H",2,1,"W",1
"1215","La Liga","ESP","Betis","Athletic Club","H",2,2,"D",0
"1216","La Liga","ESP","Girona","Las Palmas","H",2,1,"W",1
"1217","La Liga","ESP","Rayo Vallecano","Valladolid","H",1,0,"W",1
"1218","La Liga","ESP","Celta Vigo","Betis","H",3,2,"W",1
"1219","La Liga","ESP","Athletic Club","Girona","H",3,0,"W",3
"1220","La Liga","ESP","Las Palmas","Villarreal","H",1,2,"L",-1
"1221","La Liga","ESP","Real Madrid","Atlético Madrid","H",1,1,"D",0
"1222","La Liga","ESP","Alavés","Getafe","H",0,1,"L",-1
"1223","La Liga","ESP","Valencia","Leganés","H",2,0,"W",2
"1224","La Liga","ESP","Real Sociedad","Espanyol","H",2,1,"W",1
"1225","La Liga","ESP","Sevilla","Barcelona","H",1,4,"L",-3
"1226","La Liga","ESP","Mallorca","Osasuna","H",1,1,"D",0
"1227","La Liga","ESP","Girona","Getafe","H",1,2,"L",-1
"1228","La Liga","ESP","Leganés","Alavés","H",3,3,"D",0
"1229","La Liga","ESP","Osasuna","Real Madrid","H",1,1,"D",0
"1230","La Liga","ESP","Atlético Madrid","Celta Vigo","H",1,1,"D",0
"1231","La Liga","ESP","Villarreal","Valencia","H",1,1,"D",0
"1232","La Liga","ESP","Espanyol","Athletic Club","H",1,1,"D",0
"1233","La Liga","ESP","Valladolid","Sevilla","H",0,4,"L",-4
"1234","La Liga","ESP","Mallorca","Las Palmas","H",3,1,"W",2
"1235","La Liga","ESP","Betis","Real Sociedad","H",3,0,"W",3
"1236","La Liga","ESP","Barcelona","Rayo Vallecano","H",1,0,"W",1
"1237","La Liga","ESP","Celta Vigo","Osasuna","H",1,0,"W",1
"1238","La Liga","ESP","Alavés","Espanyol","H",0,1,"L",-1
"1239","La Liga","ESP","Rayo Vallecano","Villarreal","H",0,1,"L",-1
"1240","La Liga","ESP","Valencia","Atlético Madrid","H",0,3,"L",-3
"1241","La Liga","ESP","Las Palmas","Barcelona","H",0,2,"L",-2
"1242","La Liga","ESP","Athletic Club","Valladolid","H",7,1,"W",6
"1243","La Liga","ESP","Real Madrid","Girona","H",2,0,"W",2
"1244","La Liga","ESP","Getafe","Betis","H",1,2,"L",-1
"1245","La Liga","ESP","Real Sociedad","Leganés","H",3,0,"W",3
"1246","La Liga","ESP","Sevilla","Mallorca","H",1,1,"D",0
"1247","La Liga","ESP","Valladolid","Las Palmas","H",1,1,"D",0
"1248","La Liga","ESP","Girona","Celta Vigo","H",2,2,"D",0
"1249","La Liga","ESP","Rayo Vallecano","Sevilla","H",1,1,"D",0
"1250","La Liga","ESP","Betis","Real Madrid","H",2,1,"W",1
"1251","La Liga","ESP","Atlético Madrid","Athletic Club","H",1,0,"W",1
"1252","La Liga","ESP","Leganés","Getafe","H",1,0,"W",1
"1253","La Liga","ESP","Barcelona","Real Sociedad","H",4,0,"W",4
"1254","La Liga","ESP","Mallorca","Alavés","H",1,1,"D",0
"1255","La Liga","ESP","Osasuna","Valencia","H",3,3,"D",0
"1256","La Liga","ESP","Celta Vigo","Leganés","H",2,1,"W",1
"1257","La Liga","ESP","Alavés","Villarreal","H",1,0,"W",1
"1258","La Liga","ESP","Valencia","Valladolid","H",2,1,"W",1
"1259","La Liga","ESP","Getafe","Atlético Madrid","H",2,1,"W",1
"1260","La Liga","ESP","Real Madrid","Rayo Vallecano","H",2,1,"W",1
"1261","La Liga","ESP","Betis","Las Palmas","H",1,0,"W",1
"1262","La Liga","ESP","Athletic Club","Mallorca","H",1,1,"D",0
"1263","La Liga","ESP","Real Sociedad","Sevilla","H",0,1,"L",-1
"1264","La Liga","ESP","Espanyol","Girona","H",1,1,"D",0
"1265","La Liga","ESP","Las Palmas","Alavés","H",2,2,"D",0
"1266","La Liga","ESP","Valladolid","Celta Vigo","H",0,1,"L",-1
"1267","La Liga","ESP","Mallorca","Espanyol","H",2,1,"W",1
"1268","La Liga","ESP","Villarreal","Real Madrid","H",1,2,"L",-1
"1269","La Liga","ESP","Girona","Valencia","H",1,1,"D",0
"1270","La Liga","ESP","Leganés","Betis","H",2,3,"L",-1
"1271","La Liga","ESP","Sevilla","Athletic Club","H",0,1,"L",-1
"1272","La Liga","ESP","Osasuna","Getafe","H",1,2,"L",-1
"1273","La Liga","ESP","Rayo Vallecano","Real Sociedad","H",2,2,"D",0
"1274","La Liga","ESP","Atlético Madrid","Barcelona","H",2,4,"L",-2
"1275","La Liga","ESP","Barcelona","Osasuna","H",3,0,"W",3
"1276","La Liga","ESP","Real Sociedad","Valladolid","H",2,1,"W",1
"1277","La Liga","ESP","Espanyol","Atlético Madrid","H",1,1,"D",0
"1278","La Liga","ESP","Alavés","Rayo Vallecano","H",0,2,"L",-2
"1279","La Liga","ESP","Real Madrid","Leganés","H",3,2,"W",1
"1280","La Liga","ESP","Getafe","Villarreal","H",1,2,"L",-1
"1281","La Liga","ESP","Barcelona","Girona","H",4,1,"W",3
"1282","La Liga","ESP","Valencia","Mallorca","H",1,0,"W",1
"1283","La Liga","ESP","Athletic Club","Osasuna","H",0,0,"D",0
"1284","La Liga","ESP","Betis","Sevilla","H",2,1,"W",1
"1285","La Liga","ESP","Celta Vigo","Las Palmas","H",1,1,"D",0
"1286","La Liga","ESP","Rayo Vallecano","Espanyol","H",0,4,"L",-4
"1287","La Liga","ESP","Girona","Alavés","H",0,1,"L",-1
"1288","La Liga","ESP","Real Madrid","Valencia","H",1,2,"L",-1
"1289","La Liga","ESP","Mallorca","Celta Vigo","H",1,2,"L",-1
"1290","La Liga","ESP","Barcelona","Betis","H",1,1,"D",0
"1291","La Liga","ESP","Las Palmas","Real Sociedad","H",1,3,"L",-2
"1292","La Liga","ESP","Sevilla","Atlético Madrid","H",1,2,"L",-1
"1293","La Liga","ESP","Valladolid","Getafe","H",0,4,"L",-4
"1294","La Liga","ESP","Villarreal","Athletic Club","H",0,0,"D",0
"1295","La Liga","ESP","Leganés","Osasuna","H",1,1,"D",0
"1296","La Liga","ESP","Valencia","Sevilla","H",1,0,"W",1
"1297","La Liga","ESP","Real Sociedad","Mallorca","H",0,2,"L",-2
"1298","La Liga","ESP","Getafe","Las Palmas","H",1,3,"L",-2
"1299","La Liga","ESP","Celta Vigo","Espanyol","H",0,2,"L",-2
"1300","La Liga","ESP","Leganés","Barcelona","H",0,1,"L",-1
"1301","La Liga","ESP","Osasuna","Girona","H",2,1,"W",1
"1302","La Liga","ESP","Alavés","Real Madrid","H",0,1,"L",-1
"1303","La Liga","ESP","Betis","Villarreal","H",1,2,"L",-1
"1304","La Liga","ESP","Athletic Club","Rayo Vallecano","H",3,1,"W",2
"1305","La Liga","ESP","Atlético Madrid","Valladolid","H",4,2,"W",2
"1306","La Liga","ESP","Espanyol","Getafe","H",1,0,"W",1
"1307","La Liga","ESP","Rayo Vallecano","Valencia","H",1,1,"D",0
"1308","La Liga","ESP","Barcelona","Celta Vigo","H",4,3,"W",1
"1309","La Liga","ESP","Mallorca","Leganés","H",0,0,"D",0
"1310","La Liga","ESP","Las Palmas","Atlético Madrid","H",1,0,"W",1
"1311","La Liga","ESP","Valladolid","Osasuna","H",2,3,"L",-1
"1312","La Liga","ESP","Villarreal","Real Sociedad","H",2,2,"D",0
"1313","La Liga","ESP","Sevilla","Alavés","H",1,1,"D",0
"1314","La Liga","ESP","Real Madrid","Athletic Club","H",1,0,"W",1
"1315","La Liga","ESP","Girona","Betis","H",1,3,"L",-2
"1316","La Liga","ESP","Valencia","Espanyol","H",1,1,"D",0
"1317","La Liga","ESP","Barcelona","Mallorca","H",1,0,"W",1
"1318","La Liga","ESP","Celta Vigo","Villarreal","H",3,0,"W",3
"1319","La Liga","ESP","Athletic Club","Las Palmas","H",1,0,"W",1
"1320","La Liga","ESP","Alavés","Real Sociedad","H",1,0,"W",1
"1321","La Liga","ESP","Getafe","Real Madrid","H",0,1,"L",-1
"1322","La Liga","ESP","Osasuna","Sevilla","H",1,0,"W",1
"1323","La Liga","ESP","Leganés","Girona","H",1,1,"D",0
"1324","La Liga","ESP","Atlético Madrid","Rayo Vallecano","H",3,0,"W",3
"1325","La Liga","ESP","Betis","Valladolid","H",5,1,"W",4
"1326","La Liga","ESP","Villarreal","Espanyol","H",1,0,"W",1
"1327","La Liga","ESP","Rayo Vallecano","Getafe","H",1,0,"W",1
"1328","La Liga","ESP","Alavés","Atlético Madrid","H",0,0,"D",0
"1329","La Liga","ESP","Villarreal","Osasuna","H",4,2,"W",2
"1330","La Liga","ESP","Las Palmas","Valencia","H",2,3,"L",-1
"1331","La Liga","ESP","Valladolid","Barcelona","H",1,2,"L",-1
"1332","La Liga","ESP","Real Madrid","Celta Vigo","H",3,2,"W",1
"1333","La Liga","ESP","Sevilla","Leganés","H",2,2,"D",0
"1334","La Liga","ESP","Espanyol","Betis","H",1,2,"L",-1
"1335","La Liga","ESP","Real Sociedad","Athletic Club","H",0,0,"D",0
"1336","La Liga","ESP","Girona","Mallorca","H",1,0,"W",1
"1337","La Liga","ESP","Las Palmas","Rayo Vallecano","H",0,1,"L",-1
"1338","La Liga","ESP","Valencia","Getafe","H",3,0,"W",3
"1339","La Liga","ESP","Celta Vigo","Sevilla","H",3,2,"W",1
"1340","La Liga","ESP","Mallorca","Valladolid","H",2,1,"W",1
"1341","La Liga","ESP","Girona","Villarreal","H",0,1,"L",-1
"1342","La Liga","ESP","Atlético Madrid","Real Sociedad","H",4,0,"W",4
"1343","La Liga","ESP","Leganés","Espanyol","H",3,2,"W",1
"1344","La Liga","ESP","Barcelona","Real Madrid","H",4,3,"W",1
"1345","La Liga","ESP","Athletic Club","Alavés","H",1,0,"W",1
"1346","La Liga","ESP","Betis","Osasuna","H",1,1,"D",0
"1347","La Liga","ESP","Valladolid","Girona","H",0,1,"L",-1
"1348","La Liga","ESP","Real Sociedad","Celta Vigo","H",0,1,"L",-1
"1349","La Liga","ESP","Sevilla","Las Palmas","H",1,0,"W",1
"1350","La Liga","ESP","Alavés","Valencia","H",1,0,"W",1
"1351","La Liga","ESP","Villarreal","Leganés","H",3,0,"W",3
"1352","La Liga","ESP","Real Madrid","Mallorca","H",2,1,"W",1
"1353","La Liga","ESP","Rayo Vallecano","Betis","H",2,2,"D",0
"1354","La Liga","ESP","Osasuna","Atlético Madrid","H",2,0,"W",2
"1355","La Liga","ESP","Getafe","Athletic Club","H",0,2,"L",-2
"1356","La Liga","ESP","Espanyol","Barcelona","H",0,2,"L",-2
"1357","La Liga","ESP","Las Palmas","Leganés","H",0,1,"L",-1
"1358","La Liga","ESP","Mallorca","Getafe","H",1,2,"L",-1
"1359","La Liga","ESP","Valencia","Athletic Club","H",0,1,"L",-1
"1360","La Liga","ESP","Atlético Madrid","Betis","H",4,1,"W",3
"1361","La Liga","ESP","Osasuna","Espanyol","H",2,0,"W",2
"1362","La Liga","ESP","Barcelona","Villarreal","H",2,3,"L",-1
"1363","La Liga","ESP","Valladolid","Alavés","H",0,1,"L",-1
"1364","La Liga","ESP","Real Sociedad","Girona","H",3,2,"W",1
"1365","La Liga","ESP","Sevilla","Real Madrid","H",0,2,"L",-2
"1366","La Liga","ESP","Celta Vigo","Rayo Vallecano","H",1,2,"L",-1
"1367","La Liga","ESP","Betis","Valencia","H",1,1,"D",0
"1368","La Liga","ESP","Real Madrid","Real Sociedad","H",2,0,"W",2
"1369","La Liga","ESP","Leganés","Valladolid","H",3,0,"W",3
"1370","La Liga","ESP","Espanyol","Las Palmas","H",2,0,"W",2
"1371","La Liga","ESP","Rayo Vallecano","Mallorca","H",0,0,"D",0
"1372","La Liga","ESP","Alavés","Osasuna","H",1,1,"D",0
"1373","La Liga","ESP","Getafe","Celta Vigo","H",1,2,"L",-1
"1374","La Liga","ESP","Girona","Atlético Madrid","H",0,4,"L",-4
"1375","La Liga","ESP","Villarreal","Sevilla","H",4,2,"W",2
"1376","La Liga","ESP","Athletic Club","Barcelona","H",0,3,"L",-3
"1377","Serie A","ITA","Genoa","Inter","H",2,2,"D",0
"1378","Serie A","ITA","Parma","Fiorentina","H",1,1,"D",0
"1379","Serie A","ITA","Empoli","Monza","H",0,0,"D",0
"1380","Serie A","ITA","Milan","Torino","H",2,2,"D",0
"1381","Serie A","ITA","Bologna","Udinese","H",1,1,"D",0
"1382","Serie A","ITA","Hellas Verona","Napoli","H",3,0,"W",3
"1383","Serie A","ITA","Cagliari","Roma","H",0,0,"D",0
"1384","Serie A","ITA","Lazio","Venezia","H",3,1,"W",2
"1385","Serie A","ITA","Lecce","Atalanta","H",0,4,"L",-4
"1386","Serie A","ITA","Juventus","Como","H",3,0,"W",3
"1387","Serie A","ITA","Udinese","Lazio","H",2,1,"W",1
"1388","Serie A","ITA","Parma","Milan","H",2,1,"W",1
"1389","Serie A","ITA","Monza","Genoa","H",0,1,"L",-1
"1390","Serie A","ITA","Inter","Lecce","H",2,0,"W",2
"1391","Serie A","ITA","Torino","Atalanta","H",2,1,"W",1
"1392","Serie A","ITA","Fiorentina","Venezia","H",0,0,"D",0
"1393","Serie A","ITA","Napoli","Bologna","H",3,0,"W",3
"1394","Serie A","ITA","Roma","Empoli","H",1,2,"L",-1
"1395","Serie A","ITA","Cagliari","Como","H",1,1,"D",0
"1396","Serie A","ITA","Hellas Verona","Juventus","H",0,3,"L",-3
"1397","Serie A","ITA","Venezia","Torino","H",0,1,"L",-1
"1398","Serie A","ITA","Inter","Atalanta","H",4,0,"W",4
"1399","Serie A","ITA","Lecce","Cagliari","H",1,0,"W",1
"1400","Serie A","ITA","Bologna","Empoli","H",1,1,"D",0
"1401","Serie A","ITA","Lazio","Milan","H",2,2,"D",0
"1402","Serie A","ITA","Napoli","Parma","H",2,1,"W",1
"1403","Serie A","ITA","Genoa","Hellas Verona","H",0,2,"L",-2
"1404","Serie A","ITA","Fiorentina","Monza","H",2,2,"D",0
"1405","Serie A","ITA","Udinese","Como","H",1,0,"W",1
"1406","Serie A","ITA","Juventus","Roma","H",0,0,"D",0
"1407","Serie A","ITA","Como","Bologna","H",2,2,"D",0
"1408","Serie A","ITA","Empoli","Juventus","H",0,0,"D",0
"1409","Serie A","ITA","Milan","Venezia","H",4,0,"W",4
"1410","Serie A","ITA","Genoa","Roma","H",1,1,"D",0
"1411","Serie A","ITA","Atalanta","Fiorentina","H",3,2,"W",1
"1412","Serie A","ITA","Torino","Lecce","H",0,0,"D",0
"1413","Serie A","ITA","Cagliari","Napoli","H",0,4,"L",-4
"1414","Serie A","ITA","Monza","Inter","H",1,1,"D",0
"1415","Serie A","ITA","Parma","Udinese","H",2,3,"L",-1
"1416","Serie A","ITA","Lazio","Hellas Verona","H",2,1,"W",1
"1417","Serie A","ITA","Cagliari","Empoli","H",0,2,"L",-2
"1418","Serie A","ITA","Hellas Verona","Torino","H",2,3,"L",-1
"1419","Serie A","ITA","Venezia","Genoa","H",2,0,"W",2
"1420","Serie A","ITA","Juventus","Napoli","H",0,0,"D",0
"1421","Serie A","ITA","Lecce","Parma","H",2,2,"D",0
"1422","Serie A","ITA","Fiorentina","Lazio","H",2,1,"W",1
"1423","Serie A","ITA","Monza","Bologna","H",1,2,"L",-1
"1424","Serie A","ITA","Roma","Udinese","H",3,0,"W",3
"1425","Serie A","ITA","Inter","Milan","H",1,2,"L",-1
"1426","Serie A","ITA","Atalanta","Como","H",2,3,"L",-1
"1427","Serie A","ITA","Milan","Lecce","H",3,0,"W",3
"1428","Serie A","ITA","Udinese","Inter","H",2,3,"L",-1
"1429","Serie A","ITA","Genoa","Juventus","H",0,3,"L",-3
"1430","Serie A","ITA","Bologna","Atalanta","H",1,1,"D",0
"1431","Serie A","ITA","Torino","Lazio","H",2,3,"L",-1
"1432","Serie A","ITA","Como","Hellas Verona","H",3,2,"W",1
"1433","Serie A","ITA","Roma","Venezia","H",2,1,"W",1
"1434","Serie A","ITA","Empoli","Fiorentina","H",0,0,"D",0
"1435","Serie A","ITA","Napoli","Monza","H",2,0,"W",2
"1436","Serie A","ITA","Parma","Cagliari","H",2,3,"L",-1
"1437","Serie A","ITA","Napoli","Como","H",3,1,"W",2
"1438","Serie A","ITA","Hellas Verona","Venezia","H",2,1,"W",1
"1439","Serie A","ITA","Udinese","Lecce","H",1,0,"W",1
"1440","Serie A","ITA","Atalanta","Genoa","H",5,1,"W",4
"1441","Serie A","ITA","Inter","Torino","H",3,2,"W",1
"1442","Serie A","ITA","Juventus","Cagliari","H",1,1,"D",0
"1443","Serie A","ITA","Lazio","Empoli","H",2,1,"W",1
"1444","Serie A","ITA","Bologna","Parma","H",0,0,"D",0
"1445","Serie A","ITA","Monza","Roma","H",1,1,"D",0
"1446","Serie A","ITA","Fiorentina","Milan","H",2,1,"W",1
"1447","Serie A","ITA","Genoa","Bologna","H",2,2,"D",0
"1448","Serie A","ITA","Como","Parma","H",1,1,"D",0
"1449","Serie A","ITA","Milan","Udinese","H",1,0,"W",1
"1450","Serie A","ITA","Juventus","Lazio","H",1,0,"W",1
"1451","Serie A","ITA","Empoli","Napoli","H",0,1,"L",-1
"1452","Serie A","ITA","Venezia","Atalanta","H",0,2,"L",-2
"1453","Serie A","ITA","Lecce","Fiorentina","H",0,6,"L",-6
"1454","Serie A","ITA","Cagliari","Torino","H",3,2,"W",1
"1455","Serie A","ITA","Roma","Inter","H",0,1,"L",-1
"1456","Serie A","ITA","Hellas Verona","Monza","H",0,3,"L",-3
"1457","Serie A","ITA","Udinese","Cagliari","H",2,0,"W",2
"1458","Serie A","ITA","Torino","Como","H",1,0,"W",1
"1459","Serie A","ITA","Napoli","Lecce","H",1,0,"W",1
"1460","Serie A","ITA","Atalanta","Hellas Verona","H",6,1,"W",5
"1461","Serie A","ITA","Parma","Empoli","H",1,1,"D",0
"1462","Serie A","ITA","Lazio","Genoa","H",3,0,"W",3
"1463","Serie A","ITA","Monza","Venezia","H",2,2,"D",0
"1464","Serie A","ITA","Inter","Juventus","H",4,4,"D",0
"1465","Serie A","ITA","Fiorentina","Roma","H",5,1,"W",4
"1466","Serie A","ITA","Lecce","Hellas Verona","H",1,0,"W",1
"1467","Serie A","ITA","Cagliari","Bologna","H",0,2,"L",-2
"1468","Serie A","ITA","Milan","Napoli","H",0,2,"L",-2
"1469","Serie A","ITA","Venezia","Udinese","H",3,2,"W",1
"1470","Serie A","ITA","Empoli","Inter","H",0,3,"L",-3
"1471","Serie A","ITA","Atalanta","Monza","H",2,0,"W",2
"1472","Serie A","ITA","Juventus","Parma","H",2,2,"D",0
"1473","Serie A","ITA","Genoa","Fiorentina","H",0,1,"L",-1
"1474","Serie A","ITA","Roma","Torino","H",1,0,"W",1
"1475","Serie A","ITA","Como","Lazio","H",1,5,"L",-4
"1476","Serie A","ITA","Bologna","Lecce","H",1,0,"W",1
"1477","Serie A","ITA","Udinese","Juventus","H",0,2,"L",-2
"1478","Serie A","ITA","Monza","Milan","H",0,1,"L",-1
"1479","Serie A","ITA","Napoli","Atalanta","H",0,3,"L",-3
"1480","Serie A","ITA","Torino","Fiorentina","H",0,1,"L",-1
"1481","Serie A","ITA","Hellas Verona","Roma","H",3,2,"W",1
"1482","Serie A","ITA","Inter","Venezia","H",1,0,"W",1
"1483","Serie A","ITA","Empoli","Como","H",1,0,"W",1
"1484","Serie A","ITA","Parma","Genoa","H",0,1,"L",-1
"1485","Serie A","ITA","Lazio","Cagliari","H",2,1,"W",1
"1486","Serie A","ITA","Genoa","Como","H",1,1,"D",0
"1487","Serie A","ITA","Lecce","Empoli","H",1,1,"D",0
"1488","Serie A","ITA","Venezia","Parma","H",1,2,"L",-1
"1489","Serie A","ITA","Cagliari","Milan","H",3,3,"D",0
"1490","Serie A","ITA","Juventus","Torino","H",2,0,"W",2
"1491","Serie A","ITA","Atalanta","Udinese","H",2,1,"W",1
"1492","Serie A","ITA","Fiorentina","Hellas Verona","H",3,1,"W",2
"1493","Serie A","ITA","Roma","Bologna","H",2,3,"L",-1
"1494","Serie A","ITA","Monza","Lazio","H",0,1,"L",-1
"1495","Serie A","ITA","Inter","Napoli","H",1,1,"D",0
"1496","Serie A","ITA","Hellas Verona","Inter","H",0,5,"L",-5
"1497","Serie A","ITA","Milan","Juventus","H",0,0,"D",0
"1498","Serie A","ITA","Parma","Atalanta","H",1,3,"L",-2
"1499","Serie A","ITA","Genoa","Cagliari","H",2,2,"D",0
"1500","Serie A","ITA","Como","Fiorentina","H",0,2,"L",-2
"1501","Serie A","ITA","Torino","Monza","H",1,1,"D",0
"1502","Serie A","ITA","Napoli","Roma","H",1,0,"W",1
"1503","Serie A","ITA","Lazio","Bologna","H",3,0,"W",3
"1504","Serie A","ITA","Empoli","Udinese","H",1,1,"D",0
"1505","Serie A","ITA","Venezia","Lecce","H",0,1,"L",-1
"1506","Serie A","ITA","Cagliari","Hellas Verona","H",1,0,"W",1
"1507","Serie A","ITA","Como","Monza","H",1,1,"D",0
"1508","Serie A","ITA","Milan","Empoli","H",3,0,"W",3
"1509","Serie A","ITA","Bologna","Venezia","H",3,0,"W",3
"1510","Serie A","ITA","Udinese","Genoa","H",0,2,"L",-2
"1511","Serie A","ITA","Torino","Napoli","H",0,1,"L",-1
"1512","Serie A","ITA","Parma","Lazio","H",3,1,"W",2
"1513","Serie A","ITA","Lecce","Juventus","H",1,1,"D",0
"1514","Serie A","ITA","Roma","Atalanta","H",0,2,"L",-2
"1515","Serie A","ITA","Inter","Parma","H",3,1,"W",2
"1516","Serie A","ITA","Atalanta","Milan","H",2,1,"W",1
"1517","Serie A","ITA","Genoa","Torino","H",0,0,"D",0
"1518","Serie A","ITA","Juventus","Bologna","H",2,2,"D",0
"1519","Serie A","ITA","Roma","Lecce","H",4,1,"W",3
"1520","Serie A","ITA","Fiorentina","Cagliari","H",1,0,"W",1
"1521","Serie A","ITA","Hellas Verona","Empoli","H",1,4,"L",-3
"1522","Serie A","ITA","Venezia","Como","H",2,2,"D",0
"1523","Serie A","ITA","Napoli","Lazio","H",0,1,"L",-1
"1524","Serie A","ITA","Monza","Udinese","H",1,2,"L",-1
"1525","Serie A","ITA","Empoli","Torino","H",0,1,"L",-1
"1526","Serie A","ITA","Cagliari","Atalanta","H",0,1,"L",-1
"1527","Serie A","ITA","Udinese","Napoli","H",1,3,"L",-2
"1528","Serie A","ITA","Juventus","Venezia","H",2,2,"D",0
"1529","Serie A","ITA","Lecce","Monza","H",2,1,"W",1
"1530","Serie A","ITA","Parma","Hellas Verona","H",2,3,"L",-1
"1531","Serie A","ITA","Bologna","Fiorentina","H",1,0,"W",1
"1532","Serie A","ITA","Como","Roma","H",2,0,"W",2
"1533","Serie A","ITA","Milan","Genoa","H",0,0,"D",0
"1534","Serie A","ITA","Lazio","Inter","H",0,6,"L",-6
"1535","Serie A","ITA","Hellas Verona","Milan","H",0,1,"L",-1
"1536","Serie A","ITA","Torino","Bologna","H",0,2,"L",-2
"1537","Serie A","ITA","Genoa","Napoli","H",1,2,"L",-1
"1538","Serie A","ITA","Lecce","Lazio","H",1,2,"L",-1
"1539","Serie A","ITA","Roma","Parma","H",5,0,"W",5
"1540","Serie A","ITA","Venezia","Cagliari","H",2,1,"W",1
"1541","Serie A","ITA","Atalanta","Empoli","H",3,2,"W",1
"1542","Serie A","ITA","Monza","Juventus","H",1,2,"L",-1
"1543","Serie A","ITA","Fiorentina","Udinese","H",1,2,"L",-1
"1544","Serie A","ITA","Inter","Como","H",2,0,"W",2
"1545","Serie A","ITA","Empoli","Genoa","H",1,2,"L",-1
"1546","Serie A","ITA","Parma","Monza","H",2,1,"W",1
"1547","Serie A","ITA","Cagliari","Inter","H",0,3,"L",-3
"1548","Serie A","ITA","Lazio","Atalanta","H",1,1,"D",0
"1549","Serie A","ITA","Udinese","Torino","H",2,2,"D",0
"1550","Serie A","ITA","Napoli","Venezia","H",1,0,"W",1
"1551","Serie A","ITA","Juventus","Fiorentina","H",2,2,"D",0
"1552","Serie A","ITA","Milan","Roma","H",1,1,"D",0
"1553","Serie A","ITA","Como","Lecce","H",2,0,"W",2
"1554","Serie A","ITA","Bologna","Hellas Verona","H",2,3,"L",-1
"1555","Serie A","ITA","Venezia","Empoli","H",1,1,"D",0
"1556","Serie A","ITA","Fiorentina","Napoli","H",0,3,"L",-3
"1557","Serie A","ITA","Hellas Verona","Udinese","H",0,0,"D",0
"1558","Serie A","ITA","Monza","Cagliari","H",1,2,"L",-1
"1559","Serie A","ITA","Lecce","Genoa","H",0,0,"D",0
"1560","Serie A","ITA","Torino","Parma","H",0,0,"D",0
"1561","Serie A","ITA","Roma","Lazio","H",2,0,"W",2
"1562","Serie A","ITA","Lazio","Como","H",1,1,"D",0
"1563","Serie A","ITA","Empoli","Lecce","H",1,3,"L",-2
"1564","Serie A","ITA","Udinese","Atalanta","H",0,0,"D",0
"1565","Serie A","ITA","Torino","Juventus","H",1,1,"D",0
"1566","Serie A","ITA","Milan","Cagliari","H",1,1,"D",0
"1567","Serie A","ITA","Genoa","Parma","H",1,0,"W",1
"1568","Serie A","ITA","Venezia","Inter","H",0,1,"L",-1
"1569","Serie A","ITA","Bologna","Roma","H",2,2,"D",0
"1570","Serie A","ITA","Napoli","Hellas Verona","H",2,0,"W",2
"1571","Serie A","ITA","Monza","Fiorentina","H",2,1,"W",1
"1572","Serie A","ITA","Como","Milan","H",1,2,"L",-1
"1573","Serie A","ITA","Atalanta","Juventus","H",1,1,"D",0
"1574","Serie A","ITA","Inter","Bologna","H",2,2,"D",0
"1575","Serie A","ITA","Roma","Genoa","H",3,1,"W",2
"1576","Serie A","ITA","Bologna","Monza","H",3,1,"W",2
"1577","Serie A","ITA","Juventus","Milan","H",2,0,"W",2
"1578","Serie A","ITA","Atalanta","Napoli","H",2,3,"L",-1
"1579","Serie A","ITA","Fiorentina","Torino","H",1,1,"D",0
"1580","Serie A","ITA","Parma","Venezia","H",1,1,"D",0
"1581","Serie A","ITA","Cagliari","Lecce","H",4,1,"W",3
"1582","Serie A","ITA","Hellas Verona","Lazio","H",0,3,"L",-3
"1583","Serie A","ITA","Inter","Empoli","H",3,1,"W",2
"1584","Serie A","ITA","Como","Udinese","H",4,1,"W",3
"1585","Serie A","ITA","Torino","Cagliari","H",2,0,"W",2
"1586","Serie A","ITA","Como","Atalanta","H",1,2,"L",-1
"1587","Serie A","ITA","Napoli","Juventus","H",2,1,"W",1
"1588","Serie A","ITA","Empoli","Bologna","H",1,1,"D",0
"1589","Serie A","ITA","Milan","Parma","H",3,2,"W",1
"1590","Serie A","ITA","Udinese","Roma","H",1,2,"L",-1
"1591","Serie A","ITA","Lecce","Inter","H",0,4,"L",-4
"1592","Serie A","ITA","Lazio","Fiorentina","H",1,2,"L",-1
"1593","Serie A","ITA","Venezia","Hellas Verona","H",1,1,"D",0
"1594","Serie A","ITA","Genoa","Monza","H",2,0,"W",2
"1595","Serie A","ITA","Parma","Lecce","H",1,3,"L",-2
"1596","Serie A","ITA","Monza","Hellas Verona","H",0,1,"L",-1
"1597","Serie A","ITA","Udinese","Venezia","H",3,2,"W",1
"1598","Serie A","ITA","Atalanta","Torino","H",1,1,"D",0
"1599","Serie A","ITA","Bologna","Como","H",2,0,"W",2
"1600","Serie A","ITA","Juventus","Empoli","H",4,1,"W",3
"1601","Serie A","ITA","Fiorentina","Genoa","H",2,1,"W",1
"1602","Serie A","ITA","Milan","Inter","H",1,1,"D",0
"1603","Serie A","ITA","Roma","Napoli","H",1,1,"D",0
"1604","Serie A","ITA","Cagliari","Lazio","H",1,2,"L",-1
"1605","Serie A","ITA","Fiorentina","Inter","H",3,0,"W",3
"1606","Serie A","ITA","Como","Juventus","H",1,2,"L",-1
"1607","Serie A","ITA","Hellas Verona","Atalanta","H",0,5,"L",-5
"1608","Serie A","ITA","Empoli","Milan","H",0,2,"L",-2
"1609","Serie A","ITA","Torino","Genoa","H",1,1,"D",0
"1610","Serie A","ITA","Venezia","Roma","H",0,1,"L",-1
"1611","Serie A","ITA","Cagliari","Parma","H",2,1,"W",1
"1612","Serie A","ITA","Lazio","Monza","H",5,1,"W",4
"1613","Serie A","ITA","Lecce","Bologna","H",0,0,"D",0
"1614","Serie A","ITA","Napoli","Udinese","H",1,1,"D",0
"1615","Serie A","ITA","Inter","Fiorentina","H",2,1,"W",1
"1616","Serie A","ITA","Bologna","Torino","H",3,2,"W",1
"1617","Serie A","ITA","Atalanta","Cagliari","H",0,0,"D",0
"1618","Serie A","ITA","Lazio","Napoli","H",2,2,"D",0
"1619","Serie A","ITA","Milan","Hellas Verona","H",1,0,"W",1
"1620","Serie A","ITA","Fiorentina","Como","H",0,2,"L",-2
"1621","Serie A","ITA","Monza","Lecce","H",0,0,"D",0
"1622","Serie A","ITA","Udinese","Empoli","H",3,0,"W",3
"1623","Serie A","ITA","Parma","Roma","H",0,1,"L",-1
"1624","Serie A","ITA","Juventus","Inter","H",1,0,"W",1
"1625","Serie A","ITA","Genoa","Venezia","H",2,0,"W",2
"1626","Serie A","ITA","Lecce","Udinese","H",0,1,"L",-1
"1627","Serie A","ITA","Venezia","Lazio","H",0,0,"D",0
"1628","Serie A","ITA","Parma","Bologna","H",2,0,"W",2
"1629","Serie A","ITA","Torino","Milan","H",2,1,"W",1
"1630","Serie A","ITA","Inter","Genoa","H",1,0,"W",1
"1631","Serie A","ITA","Como","Napoli","H",2,1,"W",1
"1632","Serie A","ITA","Hellas Verona","Fiorentina","H",1,0,"W",1
"1633","Serie A","ITA","Empoli","Atalanta","H",0,5,"L",-5
"1634","Serie A","ITA","Cagliari","Juventus","H",0,1,"L",-1
"1635","Serie A","ITA","Roma","Monza","H",4,0,"W",4
"1636","Serie A","ITA","Bologna","Milan","H",2,1,"W",1
"1637","Serie A","ITA","Fiorentina","Lecce","H",1,0,"W",1
"1638","Serie A","ITA","Atalanta","Venezia","H",0,0,"D",0
"1639","Serie A","ITA","Napoli","Inter","H",1,1,"D",0
"1640","Serie A","ITA","Udinese","Parma","H",1,0,"W",1
"1641","Serie A","ITA","Monza","Torino","H",0,2,"L",-2
"1642","Serie A","ITA","Genoa","Empoli","H",1,1,"D",0
"1643","Serie A","ITA","Bologna","Cagliari","H",2,1,"W",1
"1644","Serie A","ITA","Roma","Como","H",2,1,"W",1
"1645","Serie A","ITA","Milan","Lazio","H",1,2,"L",-1
"1646","Serie A","ITA","Juventus","Hellas Verona","H",2,0,"W",2
"1647","Serie A","ITA","Cagliari","Genoa","H",1,1,"D",0
"1648","Serie A","ITA","Parma","Torino","H",2,2,"D",0
"1649","Serie A","ITA","Como","Venezia","H",1,1,"D",0
"1650","Serie A","ITA","Lecce","Milan","H",2,3,"L",-1
"1651","Serie A","ITA","Inter","Monza","H",3,2,"W",1
"1652","Serie A","ITA","Hellas Verona","Bologna","H",1,2,"L",-1
"1653","Serie A","ITA","Napoli","Fiorentina","H",2,1,"W",1
"1654","Serie A","ITA","Empoli","Roma","H",0,1,"L",-1
"1655","Serie A","ITA","Juventus","Atalanta","H",0,4,"L",-4
"1656","Serie A","ITA","Lazio","Udinese","H",1,1,"D",0
"1657","Serie A","ITA","Genoa","Lecce","H",2,1,"W",1
"1658","Serie A","ITA","Udinese","Hellas Verona","H",0,1,"L",-1
"1659","Serie A","ITA","Monza","Parma","H",1,1,"D",0
"1660","Serie A","ITA","Milan","Como","H",2,1,"W",1
"1661","Serie A","ITA","Torino","Empoli","H",1,0,"W",1
"1662","Serie A","ITA","Venezia","Napoli","H",0,0,"D",0
"1663","Serie A","ITA","Bologna","Lazio","H",5,0,"W",5
"1664","Serie A","ITA","Roma","Cagliari","H",1,0,"W",1
"1665","Serie A","ITA","Fiorentina","Juventus","H",3,0,"W",3
"1666","Serie A","ITA","Atalanta","Inter","H",0,2,"L",-2
"1667","Serie A","ITA","Como","Empoli","H",1,1,"D",0
"1668","Serie A","ITA","Venezia","Bologna","H",0,1,"L",-1
"1669","Serie A","ITA","Juventus","Genoa","H",1,0,"W",1
"1670","Serie A","ITA","Lecce","Roma","H",0,1,"L",-1
"1671","Serie A","ITA","Cagliari","Monza","H",3,0,"W",3
"1672","Serie A","ITA","Fiorentina","Atalanta","H",1,0,"W",1
"1673","Serie A","ITA","Inter","Udinese","H",2,1,"W",1
"1674","Serie A","ITA","Napoli","Milan","H",2,1,"W",1
"1675","Serie A","ITA","Hellas Verona","Parma","H",0,0,"D",0
"1676","Serie A","ITA","Lazio","Torino","H",1,1,"D",0
"1677","Serie A","ITA","Genoa","Udinese","H",1,0,"W",1
"1678","Serie A","ITA","Monza","Como","H",1,3,"L",-2
"1679","Serie A","ITA","Parma","Inter","H",2,2,"D",0
"1680","Serie A","ITA","Milan","Fiorentina","H",2,2,"D",0
"1681","Serie A","ITA","Lecce","Venezia","H",1,1,"D",0
"1682","Serie A","ITA","Empoli","Cagliari","H",0,0,"D",0
"1683","Serie A","ITA","Torino","Hellas Verona","H",1,1,"D",0
"1684","Serie A","ITA","Atalanta","Lazio","H",0,1,"L",-1
"1685","Serie A","ITA","Roma","Juventus","H",1,1,"D",0
"1686","Serie A","ITA","Bologna","Napoli","H",1,1,"D",0
"1687","Serie A","ITA","Udinese","Milan","H",0,4,"L",-4
"1688","Serie A","ITA","Venezia","Monza","H",1,0,"W",1
"1689","Serie A","ITA","Inter","Cagliari","H",3,1,"W",2
"1690","Serie A","ITA","Juventus","Lecce","H",2,1,"W",1
"1691","Serie A","ITA","Atalanta","Bologna","H",2,0,"W",2
"1692","Serie A","ITA","Hellas Verona","Genoa","H",0,0,"D",0
"1693","Serie A","ITA","Fiorentina","Parma","H",0,0,"D",0
"1694","Serie A","ITA","Como","Torino","H",1,0,"W",1
"1695","Serie A","ITA","Lazio","Roma","H",1,1,"D",0
"1696","Serie A","ITA","Napoli","Empoli","H",3,0,"W",3
"1697","Serie A","ITA","Lecce","Como","H",0,3,"L",-3
"1698","Serie A","ITA","Monza","Napoli","H",0,1,"L",-1
"1699","Serie A","ITA","Roma","Hellas Verona","H",1,0,"W",1
"1700","Serie A","ITA","Empoli","Venezia","H",2,2,"D",0
"1701","Serie A","ITA","Bologna","Inter","H",1,0,"W",1
"1702","Serie A","ITA","Milan","Atalanta","H",0,1,"L",-1
"1703","Serie A","ITA","Cagliari","Fiorentina","H",1,2,"L",-1
"1704","Serie A","ITA","Parma","Juventus","H",1,0,"W",1
"1705","Serie A","ITA","Torino","Udinese","H",2,0,"W",2
"1706","Serie A","ITA","Genoa","Lazio","H",0,2,"L",-2
"1707","Serie A","ITA","Como","Genoa","H",1,0,"W",1
"1708","Serie A","ITA","Venezia","Milan","H",0,2,"L",-2
"1709","Serie A","ITA","Inter","Roma","H",0,1,"L",-1
"1710","Serie A","ITA","Fiorentina","Empoli","H",2,1,"W",1
"1711","Serie A","ITA","Juventus","Monza","H",2,0,"W",2
"1712","Serie A","ITA","Napoli","Torino","H",2,0,"W",2
"1713","Serie A","ITA","Atalanta","Lecce","H",1,1,"D",0
"1714","Serie A","ITA","Udinese","Bologna","H",0,0,"D",0
"1715","Serie A","ITA","Lazio","Parma","H",2,2,"D",0
"1716","Serie A","ITA","Hellas Verona","Cagliari","H",0,2,"L",-2
"1717","Serie A","ITA","Torino","Venezia","H",1,1,"D",0
"1718","Serie A","ITA","Parma","Como","H",0,1,"L",-1
"1719","Serie A","ITA","Cagliari","Udinese","H",1,2,"L",-1
"1720","Serie A","ITA","Lecce","Napoli","H",0,1,"L",-1
"1721","Serie A","ITA","Inter","Hellas Verona","H",1,0,"W",1
"1722","Serie A","ITA","Empoli","Lazio","H",0,1,"L",-1
"1723","Serie A","ITA","Monza","Atalanta","H",0,4,"L",-4
"1724","Serie A","ITA","Roma","Fiorentina","H",1,0,"W",1
"1725","Serie A","ITA","Bologna","Juventus","H",1,1,"D",0
"1726","Serie A","ITA","Genoa","Milan","H",1,2,"L",-1
"1727","Serie A","ITA","Milan","Bologna","H",3,1,"W",2
"1728","Serie A","ITA","Como","Cagliari","H",3,1,"W",2
"1729","Serie A","ITA","Lazio","Juventus","H",1,1,"D",0
"1730","Serie A","ITA","Empoli","Parma","H",2,1,"W",1
"1731","Serie A","ITA","Udinese","Monza","H",1,2,"L",-1
"1732","Serie A","ITA","Hellas Verona","Lecce","H",1,1,"D",0
"1733","Serie A","ITA","Torino","Inter","H",0,2,"L",-2
"1734","Serie A","ITA","Napoli","Genoa","H",2,2,"D",0
"1735","Serie A","ITA","Venezia","Fiorentina","H",2,1,"W",1
"1736","Serie A","ITA","Atalanta","Roma","H",2,1,"W",1
"1737","Serie A","ITA","Genoa","Atalanta","H",2,3,"L",-1
"1738","Serie A","ITA","Parma","Napoli","H",0,0,"D",0
"1739","Serie A","ITA","Fiorentina","Bologna","H",3,2,"W",1
"1740","Serie A","ITA","Cagliari","Venezia","H",3,0,"W",3
"1741","Serie A","ITA","Roma","Milan","H",3,1,"W",2
"1742","Serie A","ITA","Hellas Verona","Como","H",1,1,"D",0
"1743","Serie A","ITA","Monza","Empoli","H",1,3,"L",-2
"1744","Serie A","ITA","Juventus","Udinese","H",2,0,"W",2
"1745","Serie A","ITA","Lecce","Torino","H",1,0,"W",1
"1746","Serie A","ITA","Inter","Lazio","H",2,2,"D",0
"1747","Serie A","ITA","Napoli","Cagliari","H",2,0,"W",2
"1748","Serie A","ITA","Como","Inter","H",0,2,"L",-2
"1749","Serie A","ITA","Bologna","Genoa","H",1,3,"L",-2
"1750","Serie A","ITA","Milan","Monza","H",2,0,"W",2
"1751","Serie A","ITA","Udinese","Fiorentina","H",2,3,"L",-1
"1752","Serie A","ITA","Lazio","Lecce","H",0,1,"L",-1
"1753","Serie A","ITA","Torino","Roma","H",0,2,"L",-2
"1754","Serie A","ITA","Venezia","Juventus","H",2,3,"L",-1
"1755","Serie A","ITA","Atalanta","Parma","H",2,3,"L",-1
"1756","Serie A","ITA","Empoli","Hellas Verona","H",1,2,"L",-1
"1757","Premier League","ENG","Fulham","Manchester Utd","A",1,0,"L",-1
"1758","Premier League","ENG","Liverpool","Ipswich Town","A",0,2,"W",2
"1759","Premier League","ENG","Southampton","Newcastle Utd","A",1,0,"L",-1
"1760","Premier League","ENG","Brighton","Everton","A",0,3,"W",3
"1761","Premier League","ENG","Bournemouth","Nott'ham Forest","A",1,1,"D",0
"1762","Premier League","ENG","Wolves","Arsenal","A",2,0,"L",-2
"1763","Premier League","ENG","Aston Villa","West Ham","A",1,2,"W",1
"1764","Premier League","ENG","Crystal Palace","Brentford","A",2,1,"L",-1
"1765","Premier League","ENG","Manchester City","Chelsea","A",0,2,"W",2
"1766","Premier League","ENG","Tottenham","Leicester City","A",1,1,"D",0
"1767","Premier League","ENG","Manchester Utd","Brighton","A",2,1,"L",-1
"1768","Premier League","ENG","Ipswich Town","Manchester City","A",4,1,"L",-3
"1769","Premier League","ENG","Nott'ham Forest","Southampton","A",0,1,"W",1
"1770","Premier League","ENG","Everton","Tottenham","A",4,0,"L",-4
"1771","Premier League","ENG","Leicester City","Fulham","A",2,1,"L",-1
"1772","Premier League","ENG","West Ham","Crystal Palace","A",0,2,"W",2
"1773","Premier League","ENG","Arsenal","Aston Villa","A",0,2,"W",2
"1774","Premier League","ENG","Chelsea","Wolves","A",2,6,"W",4
"1775","Premier League","ENG","Newcastle Utd","Bournemouth","A",1,1,"D",0
"1776","Premier League","ENG","Brentford","Liverpool","A",2,0,"L",-2
"1777","Premier League","ENG","Brighton","Arsenal","A",1,1,"D",0
"1778","Premier League","ENG","Fulham","Ipswich Town","A",1,1,"D",0
"1779","Premier League","ENG","Wolves","Nott'ham Forest","A",1,1,"D",0
"1780","Premier League","ENG","Southampton","Brentford","A",3,1,"L",-2
"1781","Premier League","ENG","Aston Villa","Leicester City","A",1,2,"W",1
"1782","Premier League","ENG","Bournemouth","Everton","A",2,3,"W",1
"1783","Premier League","ENG","Manchester City","West Ham","A",1,3,"W",2
"1784","Premier League","ENG","Tottenham","Newcastle Utd","A",2,1,"L",-1
"1785","Premier League","ENG","Crystal Palace","Chelsea","A",1,1,"D",0
"1786","Premier League","ENG","Liverpool","Manchester Utd","A",0,3,"W",3
"1787","Premier League","ENG","Manchester Utd","Southampton","A",0,3,"W",3
"1788","Premier League","ENG","Brentford","Manchester City","A",2,1,"L",-1
"1789","Premier League","ENG","Nott'ham Forest","Liverpool","A",0,1,"W",1
"1790","Premier League","ENG","Leicester City","Crystal Palace","A",2,2,"D",0
"1791","Premier League","ENG","West Ham","Fulham","A",1,1,"D",0
"1792","Premier League","ENG","Ipswich Town","Brighton","A",0,0,"D",0
"1793","Premier League","ENG","Everton","Aston Villa","A",3,2,"L",-1
"1794","Premier League","ENG","Chelsea","Bournemouth","A",0,1,"W",1
"1795","Premier League","ENG","Arsenal","Tottenham","A",0,1,"W",1
"1796","Premier League","ENG","Newcastle Utd","Wolves","A",1,2,"W",1
"1797","Premier League","ENG","Chelsea","West Ham","A",0,3,"W",3
"1798","Premier League","ENG","Brentford","Tottenham","A",3,1,"L",-2
"1799","Premier League","ENG","Wolves","Aston Villa","A",3,1,"L",-2
"1800","Premier League","ENG","Newcastle Utd","Fulham","A",3,1,"L",-2
"1801","Premier League","ENG","Ipswich Town","Southampton","A",1,1,"D",0
"1802","Premier League","ENG","Everton","Leicester City","A",1,1,"D",0
"1803","Premier League","ENG","Bournemouth","Liverpool","A",3,0,"L",-3
"1804","Premier League","ENG","Manchester Utd","Crystal Palace","A",0,0,"D",0
"1805","Premier League","ENG","Nott'ham Forest","Brighton","A",2,2,"D",0
"1806","Premier League","ENG","Arsenal","Manchester City","A",2,2,"D",0
"1807","Premier League","ENG","Manchester City","Newcastle Utd","A",1,1,"D",0
"1808","Premier League","ENG","West Ham","Brentford","A",1,1,"D",0
"1809","Premier League","ENG","Crystal Palace","Everton","A",2,1,"L",-1
"1810","Premier League","ENG","Leicester City","Arsenal","A",4,2,"L",-2
"1811","Premier League","ENG","Brighton","Chelsea","A",4,2,"L",-2
"1812","Premier League","ENG","Fulham","Nott'ham Forest","A",0,1,"W",1
"1813","Premier League","ENG","Liverpool","Wolves","A",1,2,"W",1
"1814","Premier League","ENG","Aston Villa","Ipswich Town","A",2,2,"D",0
"1815","Premier League","ENG","Tottenham","Manchester Utd","A",0,3,"W",3
"1816","Premier League","ENG","Southampton","Bournemouth","A",3,1,"L",-2
"1817","Premier League","ENG","Liverpool","Crystal Palace","A",0,1,"W",1
"1818","Premier League","ENG","Wolves","Brentford","A",5,3,"L",-2
"1819","Premier League","ENG","Bournemouth","Leicester City","A",1,0,"L",-1
"1820","Premier League","ENG","Fulham","Manchester City","A",3,2,"L",-1
"1821","Premier League","ENG","Ipswich Town","West Ham","A",4,1,"L",-3
"1822","Premier League","ENG","Southampton","Arsenal","A",3,1,"L",-2
"1823","Premier League","ENG","Newcastle Utd","Everton","A",0,0,"D",0
"1824","Premier League","ENG","Manchester Utd","Aston Villa","A",0,0,"D",0
"1825","Premier League","ENG","Nott'ham Forest","Chelsea","A",1,1,"D",0
"1826","Premier League","ENG","Tottenham","Brighton","A",3,2,"L",-1
"1827","Premier League","ENG","West Ham","Tottenham","A",4,1,"L",-3
"1828","Premier League","ENG","Aston Villa","Fulham","A",1,3,"W",2
"1829","Premier League","ENG","Everton","Ipswich Town","A",0,2,"W",2
"1830","Premier League","ENG","Leicester City","Southampton","A",2,3,"W",1
"1831","Premier League","ENG","Brentford","Manchester Utd","A",2,1,"L",-1
"1832","Premier League","ENG","Brighton","Newcastle Utd","A",0,1,"W",1
"1833","Premier League","ENG","Arsenal","Bournemouth","A",2,0,"L",-2
"1834","Premier League","ENG","Manchester City","Wolves","A",1,2,"W",1
"1835","Premier League","ENG","Chelsea","Liverpool","A",2,1,"L",-1
"1836","Premier League","ENG","Crystal Palace","Nott'ham Forest","A",1,0,"L",-1
"1837","Premier League","ENG","Nott'ham Forest","Leicester City","A",1,3,"W",2
"1838","Premier League","ENG","Wolves","Brighton","A",2,2,"D",0
"1839","Premier League","ENG","Southampton","Manchester City","A",1,0,"L",-1
"1840","Premier League","ENG","Ipswich Town","Brentford","A",4,3,"L",-1
"1841","Premier League","ENG","Bournemouth","Aston Villa","A",1,1,"D",0
"1842","Premier League","ENG","Fulham","Everton","A",1,1,"D",0
"1843","Premier League","ENG","Manchester Utd","West Ham","A",2,1,"L",-1
"1844","Premier League","ENG","Newcastle Utd","Chelsea","A",2,1,"L",-1
"1845","Premier League","ENG","Tottenham","Crystal Palace","A",1,0,"L",-1
"1846","Premier League","ENG","Liverpool","Arsenal","A",2,2,"D",0
"1847","Premier League","ENG","Arsenal","Newcastle Utd","A",1,0,"L",-1
"1848","Premier League","ENG","Brighton","Liverpool","A",2,1,"L",-1
"1849","Premier League","ENG","Everton","Southampton","A",1,0,"L",-1
"1850","Premier League","ENG","West Ham","Nott'ham Forest","A",3,0,"L",-3
"1851","Premier League","ENG","Leicester City","Ipswich Town","A",1,1,"D",0
"1852","Premier League","ENG","Manchester City","Bournemouth","A",2,1,"L",-1
"1853","Premier League","ENG","Crystal Palace","Wolves","A",2,2,"D",0
"1854","Premier League","ENG","Aston Villa","Tottenham","A",4,1,"L",-3
"1855","Premier League","ENG","Chelsea","Manchester Utd","A",1,1,"D",0
"1856","Premier League","ENG","Brentford","Fulham","A",2,1,"L",-1
"1857","Premier League","ENG","Everton","West Ham","A",0,0,"D",0
"1858","Premier League","ENG","Fulham","Crystal Palace","A",0,2,"W",2
"1859","Premier League","ENG","Southampton","Wolves","A",2,0,"L",-2
"1860","Premier League","ENG","Bournemouth","Brentford","A",3,2,"L",-1
"1861","Premier League","ENG","Manchester City","Brighton","A",2,1,"L",-1
"1862","Premier League","ENG","Aston Villa","Liverpool","A",2,0,"L",-2
"1863","Premier League","ENG","Ipswich Town","Tottenham","A",1,2,"W",1
"1864","Premier League","ENG","Newcastle Utd","Nott'ham Forest","A",1,3,"W",2
"1865","Premier League","ENG","Leicester City","Manchester Utd","A",3,0,"L",-3
"1866","Premier League","ENG","Arsenal","Chelsea","A",1,1,"D",0
"1867","Premier League","ENG","Chelsea","Leicester City","A",1,2,"W",1
"1868","Premier League","ENG","Crystal Palace","Aston Villa","A",2,2,"D",0
"1869","Premier League","ENG","Wolves","Fulham","A",1,4,"W",3
"1870","Premier League","ENG","Brighton","Bournemouth","A",1,2,"W",1
"1871","Premier League","ENG","Nott'ham Forest","Arsenal","A",3,0,"L",-3
"1872","Premier League","ENG","Brentford","Everton","A",0,0,"D",0
"1873","Premier League","ENG","Tottenham","Manchester City","A",0,4,"W",4
"1874","Premier League","ENG","Liverpool","Southampton","A",2,3,"W",1
"1875","Premier League","ENG","Manchester Utd","Ipswich Town","A",1,1,"D",0
"1876","Premier League","ENG","West Ham","Newcastle Utd","A",0,2,"W",2
"1877","Premier League","ENG","Southampton","Brighton","A",1,1,"D",0
"1878","Premier League","ENG","Bournemouth","Wolves","A",2,4,"W",2
"1879","Premier League","ENG","Ipswich Town","Nott'ham Forest","A",1,0,"L",-1
"1880","Premier League","ENG","Leicester City","Brentford","A",4,1,"L",-3
"1881","Premier League","ENG","Newcastle Utd","Crystal Palace","A",1,1,"D",0
"1882","Premier League","ENG","Arsenal","West Ham","A",2,5,"W",3
"1883","Premier League","ENG","Everton","Manchester Utd","A",4,0,"L",-4
"1884","Premier League","ENG","Fulham","Tottenham","A",1,1,"D",0
"1885","Premier League","ENG","Aston Villa","Chelsea","A",3,0,"L",-3
"1886","Premier League","ENG","Manchester City","Liverpool","A",2,0,"L",-2
"1887","Premier League","ENG","Crystal Palace","Ipswich Town","A",0,1,"W",1
"1888","Premier League","ENG","West Ham","Leicester City","A",3,1,"L",-2
"1889","Premier League","ENG","Liverpool","Newcastle Utd","A",3,3,"D",0
"1890","Premier League","ENG","Wolves","Everton","A",4,0,"L",-4
"1891","Premier League","ENG","Nott'ham Forest","Manchester City","A",3,0,"L",-3
"1892","Premier League","ENG","Chelsea","Southampton","A",1,5,"W",4
"1893","Premier League","ENG","Manchester Utd","Arsenal","A",2,0,"L",-2
"1894","Premier League","ENG","Brentford","Aston Villa","A",3,1,"L",-2
"1895","Premier League","ENG","Brighton","Fulham","A",3,1,"L",-2
"1896","Premier League","ENG","Tottenham","Bournemouth","A",1,0,"L",-1
"1897","Premier League","ENG","Southampton","Aston Villa","A",1,0,"L",-1
"1898","Premier League","ENG","Manchester City","Crystal Palace","A",2,2,"D",0
"1899","Premier League","ENG","Newcastle Utd","Brentford","A",4,2,"L",-2
"1900","Premier League","ENG","Nott'ham Forest","Manchester Utd","A",2,3,"W",1
"1901","Premier League","ENG","Brighton","Leicester City","A",2,2,"D",0
"1902","Premier League","ENG","Bournemouth","Ipswich Town","A",1,2,"W",1
"1903","Premier League","ENG","Arsenal","Fulham","A",1,1,"D",0
"1904","Premier League","ENG","Chelsea","Tottenham","A",3,4,"W",1
"1905","Premier League","ENG","Wolves","West Ham","A",2,1,"L",-1
"1906","Premier League","ENG","Fulham","Liverpool","A",2,2,"D",0
"1907","Premier League","ENG","Ipswich Town","Wolves","A",1,2,"W",1
"1908","Premier League","ENG","Leicester City","Newcastle Utd","A",4,0,"L",-4
"1909","Premier League","ENG","Everton","Arsenal","A",0,0,"D",0
"1910","Premier League","ENG","Aston Villa","Nott'ham Forest","A",2,1,"L",-1
"1911","Premier League","ENG","Crystal Palace","Brighton","A",1,3,"W",2
"1912","Premier League","ENG","Manchester Utd","Manchester City","A",1,2,"W",1
"1913","Premier League","ENG","Tottenham","Southampton","A",0,5,"W",5
"1914","Premier League","ENG","Brentford","Chelsea","A",2,1,"L",-1
"1915","Premier League","ENG","West Ham","Bournemouth","A",1,1,"D",0
"1916","Premier League","ENG","Manchester City","Aston Villa","A",2,1,"L",-1
"1917","Premier League","ENG","Newcastle Utd","Ipswich Town","A",0,4,"W",4
"1918","Premier League","ENG","Nott'ham Forest","Brentford","A",0,2,"W",2
"1919","Premier League","ENG","Brighton","West Ham","A",1,1,"D",0
"1920","Premier League","ENG","Arsenal","Crystal Palace","A",1,5,"W",4
"1921","Premier League","ENG","Bournemouth","Manchester Utd","A",0,3,"W",3
"1922","Premier League","ENG","Wolves","Leicester City","A",0,3,"W",3
"1923","Premier League","ENG","Chelsea","Everton","A",0,0,"D",0
"1924","Premier League","ENG","Southampton","Fulham","A",0,0,"D",0
"1925","Premier League","ENG","Liverpool","Tottenham","A",3,6,"W",3
"1926","Premier League","ENG","Everton","Manchester City","A",1,1,"D",0
"1927","Premier League","ENG","West Ham","Southampton","A",0,1,"W",1
"1928","Premier League","ENG","Aston Villa","Newcastle Utd","A",3,0,"L",-3
"1929","Premier League","ENG","Tottenham","Nott'ham Forest","A",1,0,"L",-1
"1930","Premier League","ENG","Crystal Palace","Bournemouth","A",0,0,"D",0
"1931","Premier League","ENG","Fulham","Chelsea","A",1,2,"W",1
"1932","Premier League","ENG","Manchester Utd","Wolves","A",2,0,"L",-2
"1933","Premier League","ENG","Leicester City","Liverpool","A",3,1,"L",-2
"1934","Premier League","ENG","Brentford","Brighton","A",0,0,"D",0
"1935","Premier League","ENG","Ipswich Town","Arsenal","A",1,0,"L",-1
"1936","Premier League","ENG","Manchester City","Leicester City","A",0,2,"W",2
"1937","Premier League","ENG","Nott'ham Forest","Everton","A",0,2,"W",2
"1938","Premier League","ENG","Wolves","Tottenham","A",2,2,"D",0
"1939","Premier League","ENG","Bournemouth","Fulham","A",2,2,"D",0
"1940","Premier League","ENG","Southampton","Crystal Palace","A",2,1,"L",-1
"1941","Premier League","ENG","Liverpool","West Ham","A",0,5,"W",5
"1942","Premier League","ENG","Brighton","Aston Villa","A",2,2,"D",0
"1943","Premier League","ENG","Chelsea","Ipswich Town","A",2,0,"L",-2
"1944","Premier League","ENG","Newcastle Utd","Manchester Utd","A",0,2,"W",2
"1945","Premier League","ENG","Arsenal","Brentford","A",1,3,"W",2
"1946","Premier League","ENG","Newcastle Utd","Tottenham","A",1,2,"W",1
"1947","Premier League","ENG","Leicester City","Aston Villa","A",2,1,"L",-1
"1948","Premier League","ENG","Everton","Bournemouth","A",1,0,"L",-1
"1949","Premier League","ENG","Chelsea","Crystal Palace","A",1,1,"D",0
"1950","Premier League","ENG","Brentford","Southampton","A",0,5,"W",5
"1951","Premier League","ENG","West Ham","Manchester City","A",4,1,"L",-3
"1952","Premier League","ENG","Arsenal","Brighton","A",1,1,"D",0
"1953","Premier League","ENG","Ipswich Town","Fulham","A",2,2,"D",0
"1954","Premier League","ENG","Manchester Utd","Liverpool","A",2,2,"D",0
"1955","Premier League","ENG","Nott'ham Forest","Wolves","A",0,3,"W",3
"1956","Premier League","ENG","Fulham","West Ham","A",3,2,"L",-1
"1957","Premier League","ENG","Bournemouth","Chelsea","A",2,2,"D",0
"1958","Premier League","ENG","Manchester City","Brentford","A",2,2,"D",0
"1959","Premier League","ENG","Liverpool","Nott'ham Forest","A",1,1,"D",0
"1960","Premier League","ENG","Crystal Palace","Leicester City","A",0,2,"W",2
"1961","Premier League","ENG","Aston Villa","Everton","A",0,1,"W",1
"1962","Premier League","ENG","Wolves","Newcastle Utd","A",3,0,"L",-3
"1963","Premier League","ENG","Tottenham","Arsenal","A",2,1,"L",-1
"1964","Premier League","ENG","Brighton","Ipswich Town","A",0,2,"W",2
"1965","Premier League","ENG","Southampton","Manchester Utd","A",3,1,"L",-2
"1966","Premier League","ENG","Bournemouth","Newcastle Utd","A",1,4,"W",3
"1967","Premier League","ENG","Fulham","Leicester City","A",0,2,"W",2
"1968","Premier League","ENG","Crystal Palace","West Ham","A",0,2,"W",2
"1969","Premier League","ENG","Liverpool","Brentford","A",0,2,"W",2
"1970","Premier League","ENG","Aston Villa","Arsenal","A",2,2,"D",0
"1971","Premier League","ENG","Tottenham","Everton","A",3,2,"L",-1
"1972","Premier League","ENG","Brighton","Manchester Utd","A",1,3,"W",2
"1973","Premier League","ENG","Southampton","Nott'ham Forest","A",3,2,"L",-1
"1974","Premier League","ENG","Manchester City","Ipswich Town","A",0,6,"W",6
"1975","Premier League","ENG","Wolves","Chelsea","A",3,1,"L",-2
"1976","Premier League","ENG","Newcastle Utd","Southampton","A",1,3,"W",2
"1977","Premier League","ENG","Everton","Brighton","A",0,1,"W",1
"1978","Premier League","ENG","Ipswich Town","Liverpool","A",4,1,"L",-3
"1979","Premier League","ENG","Nott'ham Forest","Bournemouth","A",5,0,"L",-5
"1980","Premier League","ENG","Arsenal","Wolves","A",0,1,"W",1
"1981","Premier League","ENG","Chelsea","Manchester City","A",3,1,"L",-2
"1982","Premier League","ENG","Brentford","Crystal Palace","A",1,2,"W",1
"1983","Premier League","ENG","Leicester City","Tottenham","A",1,2,"W",1
"1984","Premier League","ENG","West Ham","Aston Villa","A",1,1,"D",0
"1985","Premier League","ENG","Manchester Utd","Fulham","A",0,1,"W",1
"1986","Premier League","ENG","Brighton","Nott'ham Forest","A",7,0,"L",-7
"1987","Premier League","ENG","Leicester City","Everton","A",4,0,"L",-4
"1988","Premier League","ENG","Fulham","Newcastle Utd","A",1,2,"W",1
"1989","Premier League","ENG","Liverpool","Bournemouth","A",0,2,"W",2
"1990","Premier League","ENG","Southampton","Ipswich Town","A",1,2,"W",1
"1991","Premier League","ENG","Aston Villa","Wolves","A",2,0,"L",-2
"1992","Premier League","ENG","Crystal Palace","Manchester Utd","A",0,2,"W",2
"1993","Premier League","ENG","Tottenham","Brentford","A",0,2,"W",2
"1994","Premier League","ENG","Manchester City","Arsenal","A",5,1,"L",-4
"1995","Premier League","ENG","West Ham","Chelsea","A",2,1,"L",-1
"1996","Premier League","ENG","Liverpool","Everton","A",2,2,"D",0
"1997","Premier League","ENG","Chelsea","Brighton","A",3,0,"L",-3
"1998","Premier League","ENG","Arsenal","Leicester City","A",0,2,"W",2
"1999","Premier League","ENG","Nott'ham Forest","Fulham","A",2,1,"L",-1
"2000","Premier League","ENG","Newcastle Utd","Manchester City","A",4,0,"L",-4
"2001","Premier League","ENG","Bournemouth","Southampton","A",1,3,"W",2
"2002","Premier League","ENG","Ipswich Town","Aston Villa","A",1,1,"D",0
"2003","Premier League","ENG","Brentford","West Ham","A",0,1,"W",1
"2004","Premier League","ENG","Everton","Crystal Palace","A",1,2,"W",1
"2005","Premier League","ENG","Wolves","Liverpool","A",2,1,"L",-1
"2006","Premier League","ENG","Manchester Utd","Tottenham","A",1,0,"L",-1
"2007","Premier League","ENG","Liverpool","Aston Villa","A",2,2,"D",0
"2008","Premier League","ENG","Brentford","Leicester City","A",0,4,"W",4
"2009","Premier League","ENG","Manchester Utd","Everton","A",2,2,"D",0
"2010","Premier League","ENG","Crystal Palace","Fulham","A",0,2,"W",2
"2011","Premier League","ENG","Wolves","Bournemouth","A",0,1,"W",1
"2012","Premier League","ENG","Tottenham","Ipswich Town","A",1,4,"W",3
"2013","Premier League","ENG","West Ham","Arsenal","A",0,1,"W",1
"2014","Premier League","ENG","Brighton","Southampton","A",0,4,"W",4
"2015","Premier League","ENG","Chelsea","Aston Villa","A",2,1,"L",-1
"2016","Premier League","ENG","Nott'ham Forest","Newcastle Utd","A",4,3,"L",-1
"2017","Premier League","ENG","Liverpool","Manchester City","A",0,2,"W",2
"2018","Premier League","ENG","Bournemouth","Brighton","A",2,1,"L",-1
"2019","Premier League","ENG","Aston Villa","Crystal Palace","A",4,1,"L",-3
"2020","Premier League","ENG","Fulham","Wolves","A",1,2,"W",1
"2021","Premier League","ENG","Southampton","Chelsea","A",4,0,"L",-4
"2022","Premier League","ENG","Manchester City","Tottenham","A",0,1,"W",1
"2023","Premier League","ENG","Arsenal","Nott'ham Forest","A",0,0,"D",0
"2024","Premier League","ENG","Ipswich Town","Manchester Utd","A",3,2,"L",-1
"2025","Premier League","ENG","Everton","Brentford","A",1,1,"D",0
"2026","Premier League","ENG","Newcastle Utd","Liverpool","A",2,0,"L",-2
"2027","Premier League","ENG","Leicester City","West Ham","A",2,0,"L",-2
"2028","Premier League","ENG","Manchester City","Nott'ham Forest","A",1,0,"L",-1
"2029","Premier League","ENG","Southampton","Liverpool","A",3,1,"L",-2
"2030","Premier League","ENG","Fulham","Brighton","A",2,1,"L",-1
"2031","Premier League","ENG","Ipswich Town","Crystal Palace","A",1,0,"L",-1
"2032","Premier League","ENG","Aston Villa","Brentford","A",0,1,"W",1
"2033","Premier League","ENG","Everton","Wolves","A",1,1,"D",0
"2034","Premier League","ENG","Leicester City","Chelsea","A",1,0,"L",-1
"2035","Premier League","ENG","Bournemouth","Tottenham","A",2,2,"D",0
"2036","Premier League","ENG","Arsenal","Manchester Utd","A",1,1,"D",0
"2037","Premier League","ENG","Newcastle Utd","West Ham","A",0,1,"W",1
"2038","Premier League","ENG","West Ham","Everton","A",1,1,"D",0
"2039","Premier League","ENG","Wolves","Southampton","A",1,2,"W",1
"2040","Premier League","ENG","Nott'ham Forest","Ipswich Town","A",2,4,"W",2
"2041","Premier League","ENG","Brighton","Manchester City","A",2,2,"D",0
"2042","Premier League","ENG","Brentford","Bournemouth","A",1,2,"W",1
"2043","Premier League","ENG","Chelsea","Arsenal","A",1,0,"L",-1
"2044","Premier League","ENG","Tottenham","Fulham","A",2,0,"L",-2
"2045","Premier League","ENG","Manchester Utd","Leicester City","A",0,3,"W",3
"2046","Premier League","ENG","Fulham","Arsenal","A",2,1,"L",-1
"2047","Premier League","ENG","West Ham","Wolves","A",1,0,"L",-1
"2048","Premier League","ENG","Manchester Utd","Nott'ham Forest","A",1,0,"L",-1
"2049","Premier League","ENG","Brentford","Newcastle Utd","A",2,1,"L",-1
"2050","Premier League","ENG","Leicester City","Manchester City","A",2,0,"L",-2
"2051","Premier League","ENG","Crystal Palace","Southampton","A",1,1,"D",0
"2052","Premier League","ENG","Ipswich Town","Bournemouth","A",1,2,"W",1
"2053","Premier League","ENG","Aston Villa","Brighton","A",0,3,"W",3
"2054","Premier League","ENG","Everton","Liverpool","A",1,0,"L",-1
"2055","Premier League","ENG","Tottenham","Chelsea","A",1,0,"L",-1
"2056","Premier League","ENG","Arsenal","Everton","A",1,1,"D",0
"2057","Premier League","ENG","Brighton","Crystal Palace","A",2,1,"L",-1
"2058","Premier League","ENG","Wolves","Ipswich Town","A",1,2,"W",1
"2059","Premier League","ENG","Bournemouth","West Ham","A",2,2,"D",0
"2060","Premier League","ENG","Nott'ham Forest","Aston Villa","A",2,1,"L",-1
"2061","Premier League","ENG","Liverpool","Fulham","A",3,2,"L",-1
"2062","Premier League","ENG","Chelsea","Brentford","A",0,0,"D",0
"2063","Premier League","ENG","Southampton","Tottenham","A",3,1,"L",-2
"2064","Premier League","ENG","Manchester City","Manchester Utd","A",0,0,"D",0
"2065","Premier League","ENG","Newcastle Utd","Leicester City","A",0,3,"W",3
"2066","Premier League","ENG","Crystal Palace","Manchester City","A",5,2,"L",-3
"2067","Premier League","ENG","Leicester City","Brighton","A",2,2,"D",0
"2068","Premier League","ENG","Aston Villa","Southampton","A",0,3,"W",3
"2069","Premier League","ENG","Everton","Nott'ham Forest","A",0,1,"W",1
"2070","Premier League","ENG","Brentford","Arsenal","A",1,1,"D",0
"2071","Premier League","ENG","West Ham","Liverpool","A",2,1,"L",-1
"2072","Premier League","ENG","Ipswich Town","Chelsea","A",2,2,"D",0
"2073","Premier League","ENG","Tottenham","Wolves","A",4,2,"L",-2
"2074","Premier League","ENG","Manchester Utd","Newcastle Utd","A",4,1,"L",-3
"2075","Premier League","ENG","Fulham","Bournemouth","A",1,0,"L",-1
"2076","Premier League","ENG","Crystal Palace","Newcastle Utd","A",5,0,"L",-5
"2077","Premier League","ENG","Manchester City","Everton","A",0,2,"W",2
"2078","Premier League","ENG","Southampton","West Ham","A",1,1,"D",0
"2079","Premier League","ENG","Bournemouth","Crystal Palace","A",0,0,"D",0
"2080","Premier League","ENG","Brighton","Brentford","A",4,2,"L",-2
"2081","Premier League","ENG","Newcastle Utd","Aston Villa","A",4,1,"L",-3
"2082","Premier League","ENG","Chelsea","Fulham","A",1,2,"W",1
"2083","Premier League","ENG","Arsenal","Ipswich Town","A",0,4,"W",4
"2084","Premier League","ENG","Wolves","Manchester Utd","A",0,1,"W",1
"2085","Premier League","ENG","Liverpool","Leicester City","A",0,1,"W",1
"2086","Premier League","ENG","Nott'ham Forest","Tottenham","A",1,2,"W",1
"2087","Premier League","ENG","Aston Villa","Manchester City","A",2,1,"L",-1
"2088","Premier League","ENG","Crystal Palace","Arsenal","A",2,2,"D",0
"2089","Premier League","ENG","Everton","Chelsea","A",1,0,"L",-1
"2090","Premier League","ENG","West Ham","Brighton","A",3,2,"L",-1
"2091","Premier League","ENG","Leicester City","Wolves","A",3,0,"L",-3
"2092","Premier League","ENG","Fulham","Southampton","A",1,2,"W",1
"2093","Premier League","ENG","Ipswich Town","Newcastle Utd","A",3,0,"L",-3
"2094","Premier League","ENG","Manchester Utd","Bournemouth","A",1,1,"D",0
"2095","Premier League","ENG","Tottenham","Liverpool","A",5,1,"L",-4
"2096","Premier League","ENG","Brentford","Nott'ham Forest","A",0,2,"W",2
"2097","Premier League","ENG","Wolves","Manchester City","A",1,0,"L",-1
"2098","Premier League","ENG","Fulham","Aston Villa","A",1,0,"L",-1
"2099","Premier League","ENG","Southampton","Leicester City","A",2,0,"L",-2
"2100","Premier League","ENG","Ipswich Town","Everton","A",2,2,"D",0
"2101","Premier League","ENG","Bournemouth","Arsenal","A",1,2,"W",1
"2102","Premier League","ENG","Newcastle Utd","Brighton","A",1,1,"D",0
"2103","Premier League","ENG","Tottenham","West Ham","A",1,1,"D",0
"2104","Premier League","ENG","Manchester Utd","Brentford","A",4,3,"L",-1
"2105","Premier League","ENG","Liverpool","Chelsea","A",3,1,"L",-2
"2106","Premier League","ENG","Nott'ham Forest","Crystal Palace","A",1,1,"D",0
"2107","Premier League","ENG","Brentford","Ipswich Town","A",0,1,"W",1
"2108","Premier League","ENG","Everton","Fulham","A",1,3,"W",2
"2109","Premier League","ENG","Brighton","Wolves","A",0,2,"W",2
"2110","Premier League","ENG","Manchester City","Southampton","A",0,0,"D",0
"2111","Premier League","ENG","Aston Villa","Bournemouth","A",0,1,"W",1
"2112","Premier League","ENG","Chelsea","Newcastle Utd","A",2,0,"L",-2
"2113","Premier League","ENG","Leicester City","Nott'ham Forest","A",2,2,"D",0
"2114","Premier League","ENG","Crystal Palace","Tottenham","A",0,2,"W",2
"2115","Premier League","ENG","West Ham","Manchester Utd","A",0,2,"W",2
"2116","Premier League","ENG","Arsenal","Liverpool","A",2,2,"D",0
"2117","Premier League","ENG","Tottenham","Aston Villa","A",2,0,"L",-2
"2118","Premier League","ENG","Manchester Utd","Chelsea","A",1,0,"L",-1
"2119","Premier League","ENG","Southampton","Everton","A",2,0,"L",-2
"2120","Premier League","ENG","Nott'ham Forest","West Ham","A",1,2,"W",1
"2121","Premier League","ENG","Fulham","Brentford","A",2,3,"W",1
"2122","Premier League","ENG","Ipswich Town","Leicester City","A",2,0,"L",-2
"2123","Premier League","ENG","Newcastle Utd","Arsenal","A",1,0,"L",-1
"2124","Premier League","ENG","Liverpool","Brighton","A",3,2,"L",-1
"2125","Premier League","ENG","Bournemouth","Manchester City","A",3,1,"L",-2
"2126","Premier League","ENG","Wolves","Crystal Palace","A",4,2,"L",-2
"2127","Premier League","ENG","Aston Villa","Manchester Utd","A",2,0,"L",-2
"2128","Premier League","ENG","West Ham","Ipswich Town","A",1,3,"W",2
"2129","Premier League","ENG","Brentford","Wolves","A",1,1,"D",0
"2130","Premier League","ENG","Arsenal","Southampton","A",1,2,"W",1
"2131","Premier League","ENG","Crystal Palace","Liverpool","A",1,1,"D",0
"2132","Premier League","ENG","Chelsea","Nott'ham Forest","A",0,1,"W",1
"2133","Premier League","ENG","Manchester City","Fulham","A",0,2,"W",2
"2134","Premier League","ENG","Everton","Newcastle Utd","A",0,1,"W",1
"2135","Premier League","ENG","Leicester City","Bournemouth","A",2,0,"L",-2
"2136","Premier League","ENG","Brighton","Tottenham","A",1,4,"W",3
"2137","Ligue 1","FRA","Paris S-G","Le Havre","A",1,4,"W",3
"2138","Ligue 1","FRA","Marseille","Brest","A",1,5,"W",4
"2139","Ligue 1","FRA","Lille","Reims","A",0,2,"W",2
"2140","Ligue 1","FRA","Saint-Étienne","Monaco","A",1,0,"L",-1
"2141","Ligue 1","FRA","Nice","Auxerre","A",2,1,"L",-1
"2142","Ligue 1","FRA","Lens","Angers","A",0,1,"W",1
"2143","Ligue 1","FRA","Nantes","Toulouse","A",0,0,"D",0
"2144","Ligue 1","FRA","Strasbourg","Montpellier","A",1,1,"D",0
"2145","Ligue 1","FRA","Lyon","Rennes","A",3,0,"L",-3
"2146","Ligue 1","FRA","Montpellier","Paris S-G","A",6,0,"L",-6
"2147","Ligue 1","FRA","Monaco","Lyon","A",0,2,"W",2
"2148","Ligue 1","FRA","Angers","Lille","A",2,0,"L",-2
"2149","Ligue 1","FRA","Le Havre","Saint-Étienne","A",0,2,"W",2
"2150","Ligue 1","FRA","Brest","Lens","A",2,0,"L",-2
"2151","Ligue 1","FRA","Auxerre","Nantes","A",2,0,"L",-2
"2152","Ligue 1","FRA","Toulouse","Nice","A",1,1,"D",0
"2153","Ligue 1","FRA","Rennes","Strasbourg","A",3,1,"L",-2
"2154","Ligue 1","FRA","Reims","Marseille","A",2,2,"D",0
"2155","Ligue 1","FRA","Strasbourg","Lyon","A",4,3,"L",-1
"2156","Ligue 1","FRA","Saint-Étienne","Brest","A",4,0,"L",-4
"2157","Ligue 1","FRA","Nantes","Montpellier","A",1,3,"W",2
"2158","Ligue 1","FRA","Marseille","Toulouse","A",1,3,"W",2
"2159","Ligue 1","FRA","Lens","Monaco","A",1,1,"D",0
"2160","Ligue 1","FRA","Rennes","Reims","A",2,1,"L",-1
"2161","Ligue 1","FRA","Auxerre","Le Havre","A",3,1,"L",-2
"2162","Ligue 1","FRA","Nice","Angers","A",1,4,"W",3
"2163","Ligue 1","FRA","Paris S-G","Lille","A",1,3,"W",2
"2164","Ligue 1","FRA","Lille","Saint-Étienne","A",1,0,"L",-1
"2165","Ligue 1","FRA","Nice","Marseille","A",2,0,"L",-2
"2166","Ligue 1","FRA","Monaco","Auxerre","A",0,3,"W",3
"2167","Ligue 1","FRA","Brest","Paris S-G","A",3,1,"L",-2
"2168","Ligue 1","FRA","Montpellier","Rennes","A",3,0,"L",-3
"2169","Ligue 1","FRA","Reims","Nantes","A",1,2,"W",1
"2170","Ligue 1","FRA","Angers","Strasbourg","A",1,1,"D",0
"2171","Ligue 1","FRA","Le Havre","Toulouse","A",2,0,"L",-2
"2172","Ligue 1","FRA","Lyon","Lens","A",0,0,"D",0
"2173","Ligue 1","FRA","Saint-Étienne","Nice","A",8,0,"L",-8
"2174","Ligue 1","FRA","Strasbourg","Lille","A",3,3,"D",0
"2175","Ligue 1","FRA","Lens","Rennes","A",1,1,"D",0
"2176","Ligue 1","FRA","Paris S-G","Reims","A",1,1,"D",0
"2177","Ligue 1","FRA","Le Havre","Monaco","A",3,1,"L",-2
"2178","Ligue 1","FRA","Toulouse","Brest","A",2,0,"L",-2
"2179","Ligue 1","FRA","Nantes","Angers","A",1,1,"D",0
"2180","Ligue 1","FRA","Auxerre","Montpellier","A",3,2,"L",-1
"2181","Ligue 1","FRA","Marseille","Lyon","A",2,3,"W",1
"2182","Ligue 1","FRA","Brest","Auxerre","A",3,0,"L",-3
"2183","Ligue 1","FRA","Rennes","Paris S-G","A",3,1,"L",-2
"2184","Ligue 1","FRA","Nice","Lens","A",0,0,"D",0
"2185","Ligue 1","FRA","Lille","Le Havre","A",0,3,"W",3
"2186","Ligue 1","FRA","Montpellier","Monaco","A",2,1,"L",-1
"2187","Ligue 1","FRA","Lyon","Toulouse","A",1,2,"W",1
"2188","Ligue 1","FRA","Saint-Étienne","Nantes","A",2,2,"D",0
"2189","Ligue 1","FRA","Reims","Angers","A",1,3,"W",2
"2190","Ligue 1","FRA","Marseille","Strasbourg","A",1,0,"L",-1
"2191","Ligue 1","FRA","Angers","Marseille","A",1,1,"D",0
"2192","Ligue 1","FRA","Auxerre","Saint-Étienne","A",3,1,"L",-2
"2193","Ligue 1","FRA","Toulouse","Lille","A",2,1,"L",-1
"2194","Ligue 1","FRA","Monaco","Rennes","A",1,2,"W",1
"2195","Ligue 1","FRA","Nantes","Lyon","A",2,0,"L",-2
"2196","Ligue 1","FRA","Le Havre","Brest","A",2,0,"L",-2
"2197","Ligue 1","FRA","Lens","Strasbourg","A",2,2,"D",0
"2198","Ligue 1","FRA","Montpellier","Reims","A",4,2,"L",-2
"2199","Ligue 1","FRA","Paris S-G","Nice","A",1,1,"D",0
"2200","Ligue 1","FRA","Lille","Monaco","A",0,0,"D",0
"2201","Ligue 1","FRA","Rennes","Brest","A",1,1,"D",0
"2202","Ligue 1","FRA","Lens","Saint-Étienne","A",0,2,"W",2
"2203","Ligue 1","FRA","Strasbourg","Paris S-G","A",4,2,"L",-2
"2204","Ligue 1","FRA","Lyon","Le Havre","A",0,4,"W",4
"2205","Ligue 1","FRA","Angers","Toulouse","A",1,1,"D",0
"2206","Ligue 1","FRA","Reims","Auxerre","A",2,1,"L",-1
"2207","Ligue 1","FRA","Nice","Nantes","A",1,1,"D",0
"2208","Ligue 1","FRA","Marseille","Montpellier","A",0,5,"W",5
"2209","Ligue 1","FRA","Le Havre","Rennes","A",1,0,"L",-1
"2210","Ligue 1","FRA","Saint-Étienne","Angers","A",4,2,"L",-2
"2211","Ligue 1","FRA","Brest","Reims","A",1,2,"W",1
"2212","Ligue 1","FRA","Lille","Lens","A",0,2,"W",2
"2213","Ligue 1","FRA","Auxerre","Lyon","A",2,2,"D",0
"2214","Ligue 1","FRA","Toulouse","Montpellier","A",0,3,"W",3
"2215","Ligue 1","FRA","Monaco","Nice","A",2,1,"L",-1
"2216","Ligue 1","FRA","Nantes","Strasbourg","A",3,1,"L",-2
"2217","Ligue 1","FRA","Paris S-G","Marseille","A",0,3,"W",3
"2218","Ligue 1","FRA","Angers","Monaco","A",0,1,"W",1
"2219","Ligue 1","FRA","Lyon","Lille","A",1,1,"D",0
"2220","Ligue 1","FRA","Lens","Paris S-G","A",1,0,"L",-1
"2221","Ligue 1","FRA","Nice","Brest","A",0,1,"W",1
"2222","Ligue 1","FRA","Strasbourg","Saint-Étienne","A",2,0,"L",-2
"2223","Ligue 1","FRA","Reims","Toulouse","A",1,0,"L",-1
"2224","Ligue 1","FRA","Montpellier","Le Havre","A",1,0,"L",-1
"2225","Ligue 1","FRA","Rennes","Auxerre","A",4,0,"L",-4
"2226","Ligue 1","FRA","Marseille","Nantes","A",1,2,"W",1
"2227","Ligue 1","FRA","Auxerre","Marseille","A",1,3,"W",2
"2228","Ligue 1","FRA","Monaco","Strasbourg","A",1,3,"W",2
"2229","Ligue 1","FRA","Nantes","Lens","A",3,2,"L",-1
"2230","Ligue 1","FRA","Paris S-G","Angers","A",2,4,"W",2
"2231","Ligue 1","FRA","Lille","Nice","A",2,2,"D",0
"2232","Ligue 1","FRA","Toulouse","Rennes","A",0,2,"W",2
"2233","Ligue 1","FRA","Reims","Le Havre","A",0,3,"W",3
"2234","Ligue 1","FRA","Brest","Montpellier","A",3,1,"L",-2
"2235","Ligue 1","FRA","Saint-Étienne","Lyon","A",1,0,"L",-1
"2236","Ligue 1","FRA","Brest","Monaco","A",3,2,"L",-1
"2237","Ligue 1","FRA","Toulouse","Paris S-G","A",3,0,"L",-3
"2238","Ligue 1","FRA","Marseille","Lens","A",1,3,"W",2
"2239","Ligue 1","FRA","Montpellier","Saint-Étienne","A",1,0,"L",-1
"2240","Ligue 1","FRA","Lyon","Reims","A",1,1,"D",0
"2241","Ligue 1","FRA","Rennes","Lille","A",1,0,"L",-1
"2242","Ligue 1","FRA","Angers","Auxerre","A",1,0,"L",-1
"2243","Ligue 1","FRA","Le Havre","Nantes","A",0,2,"W",2
"2244","Ligue 1","FRA","Strasbourg","Nice","A",2,1,"L",-1
"2245","Ligue 1","FRA","Lens","Reims","A",0,2,"W",2
"2246","Ligue 1","FRA","Saint-Étienne","Rennes","A",5,0,"L",-5
"2247","Ligue 1","FRA","Strasbourg","Brest","A",3,1,"L",-2
"2248","Ligue 1","FRA","Nantes","Paris S-G","A",1,1,"D",0
"2249","Ligue 1","FRA","Lille","Montpellier","A",2,2,"D",0
"2250","Ligue 1","FRA","Nice","Lyon","A",4,1,"L",-3
"2251","Ligue 1","FRA","Auxerre","Toulouse","A",2,0,"L",-2
"2252","Ligue 1","FRA","Angers","Le Havre","A",0,1,"W",1
"2253","Ligue 1","FRA","Monaco","Marseille","A",2,1,"L",-1
"2254","Ligue 1","FRA","Brest","Lille","A",3,1,"L",-2
"2255","Ligue 1","FRA","Paris S-G","Auxerre","A",0,0,"D",0
"2256","Ligue 1","FRA","Toulouse","Monaco","A",2,0,"L",-2
"2257","Ligue 1","FRA","Le Havre","Nice","A",2,1,"L",-1
"2258","Ligue 1","FRA","Lyon","Angers","A",0,3,"W",3
"2259","Ligue 1","FRA","Montpellier","Lens","A",2,0,"L",-2
"2260","Ligue 1","FRA","Rennes","Nantes","A",1,0,"L",-1
"2261","Ligue 1","FRA","Reims","Strasbourg","A",0,0,"D",0
"2262","Ligue 1","FRA","Marseille","Saint-Étienne","A",0,2,"W",2
"2263","Ligue 1","FRA","Saint-Étienne","Toulouse","A",2,1,"L",-1
"2264","Ligue 1","FRA","Lille","Marseille","A",1,1,"D",0
"2265","Ligue 1","FRA","Lens","Auxerre","A",2,2,"D",0
"2266","Ligue 1","FRA","Monaco","Reims","A",0,0,"D",0
"2267","Ligue 1","FRA","Nice","Montpellier","A",2,2,"D",0
"2268","Ligue 1","FRA","Angers","Rennes","A",2,0,"L",-2
"2269","Ligue 1","FRA","Strasbourg","Le Havre","A",0,3,"W",3
"2270","Ligue 1","FRA","Nantes","Brest","A",4,1,"L",-3
"2271","Ligue 1","FRA","Lyon","Paris S-G","A",3,1,"L",-2
"2272","Ligue 1","FRA","Paris S-G","Monaco","A",2,4,"W",2
"2273","Ligue 1","FRA","Rennes","Nice","A",3,2,"L",-1
"2274","Ligue 1","FRA","Reims","Saint-Étienne","A",3,1,"L",-2
"2275","Ligue 1","FRA","Nantes","Lille","A",1,1,"D",0
"2276","Ligue 1","FRA","Montpellier","Lyon","A",1,0,"L",-1
"2277","Ligue 1","FRA","Auxerre","Strasbourg","A",3,1,"L",-2
"2278","Ligue 1","FRA","Brest","Angers","A",2,0,"L",-2
"2279","Ligue 1","FRA","Toulouse","Lens","A",0,1,"W",1
"2280","Ligue 1","FRA","Le Havre","Marseille","A",5,1,"L",-4
"2281","Ligue 1","FRA","Monaco","Nantes","A",2,2,"D",0
"2282","Ligue 1","FRA","Lille","Auxerre","A",0,0,"D",0
"2283","Ligue 1","FRA","Lyon","Brest","A",2,1,"L",-1
"2284","Ligue 1","FRA","Nice","Reims","A",2,4,"W",2
"2285","Ligue 1","FRA","Marseille","Rennes","A",1,2,"W",1
"2286","Ligue 1","FRA","Lens","Le Havre","A",1,2,"W",1
"2287","Ligue 1","FRA","Strasbourg","Toulouse","A",1,2,"W",1
"2288","Ligue 1","FRA","Angers","Montpellier","A",1,3,"W",2
"2289","Ligue 1","FRA","Saint-Étienne","Paris S-G","A",2,1,"L",-1
"2290","Ligue 1","FRA","Monaco","Montpellier","A",2,1,"L",-1
"2291","Ligue 1","FRA","Nice","Lille","A",2,1,"L",-1
"2292","Ligue 1","FRA","Paris S-G","Lens","A",1,2,"W",1
"2293","Ligue 1","FRA","Brest","Rennes","A",1,2,"W",1
"2294","Ligue 1","FRA","Toulouse","Lyon","A",0,0,"D",0
"2295","Ligue 1","FRA","Nantes","Saint-Étienne","A",1,1,"D",0
"2296","Ligue 1","FRA","Auxerre","Angers","A",2,0,"L",-2
"2297","Ligue 1","FRA","Le Havre","Reims","A",1,1,"D",0
"2298","Ligue 1","FRA","Strasbourg","Marseille","A",1,1,"D",0
"2299","Ligue 1","FRA","Saint-Étienne","Auxerre","A",1,1,"D",0
"2300","Ligue 1","FRA","Rennes","Monaco","A",3,2,"L",-1
"2301","Ligue 1","FRA","Lille","Strasbourg","A",2,1,"L",-1
"2302","Ligue 1","FRA","Reims","Paris S-G","A",1,1,"D",0
"2303","Ligue 1","FRA","Brest","Le Havre","A",0,1,"W",1
"2304","Ligue 1","FRA","Montpellier","Toulouse","A",1,2,"W",1
"2305","Ligue 1","FRA","Lyon","Nantes","A",1,1,"D",0
"2306","Ligue 1","FRA","Angers","Lens","A",1,0,"L",-1
"2307","Ligue 1","FRA","Marseille","Nice","A",2,0,"L",-2
"2308","Ligue 1","FRA","Lens","Montpellier","A",0,2,"W",2
"2309","Ligue 1","FRA","Paris S-G","Brest","A",2,5,"W",3
"2310","Ligue 1","FRA","Auxerre","Monaco","A",4,2,"L",-2
"2311","Ligue 1","FRA","Saint-Étienne","Lille","A",4,1,"L",-3
"2312","Ligue 1","FRA","Nice","Toulouse","A",1,1,"D",0
"2313","Ligue 1","FRA","Nantes","Reims","A",1,2,"W",1
"2314","Ligue 1","FRA","Strasbourg","Rennes","A",1,0,"L",-1
"2315","Ligue 1","FRA","Le Havre","Angers","A",1,1,"D",0
"2316","Ligue 1","FRA","Lyon","Marseille","A",3,2,"L",-1
"2317","Ligue 1","FRA","Brest","Nantes","A",0,2,"W",2
"2318","Ligue 1","FRA","Monaco","Paris S-G","A",4,1,"L",-3
"2319","Ligue 1","FRA","Lens","Nice","A",2,0,"L",-2
"2320","Ligue 1","FRA","Le Havre","Lille","A",1,2,"W",1
"2321","Ligue 1","FRA","Rennes","Saint-Étienne","A",0,2,"W",2
"2322","Ligue 1","FRA","Reims","Lyon","A",4,0,"L",-4
"2323","Ligue 1","FRA","Montpellier","Strasbourg","A",2,0,"L",-2
"2324","Ligue 1","FRA","Toulouse","Auxerre","A",2,2,"D",0
"2325","Ligue 1","FRA","Marseille","Angers","A",0,2,"W",2
"2326","Ligue 1","FRA","Auxerre","Brest","A",2,2,"D",0
"2327","Ligue 1","FRA","Saint-Étienne","Marseille","A",5,1,"L",-4
"2328","Ligue 1","FRA","Nantes","Monaco","A",7,1,"L",-6
"2329","Ligue 1","FRA","Paris S-G","Toulouse","A",0,1,"W",1
"2330","Ligue 1","FRA","Lyon","Montpellier","A",1,4,"W",3
"2331","Ligue 1","FRA","Strasbourg","Lens","A",0,2,"W",2
"2332","Ligue 1","FRA","Angers","Reims","A",0,1,"W",1
"2333","Ligue 1","FRA","Nice","Le Havre","A",1,3,"W",2
"2334","Ligue 1","FRA","Lille","Rennes","A",0,2,"W",2
"2335","Ligue 1","FRA","Reims","Rennes","A",1,0,"L",-1
"2336","Ligue 1","FRA","Monaco","Lille","A",2,1,"L",-1
"2337","Ligue 1","FRA","Angers","Saint-Étienne","A",3,3,"D",0
"2338","Ligue 1","FRA","Marseille","Auxerre","A",3,0,"L",-3
"2339","Ligue 1","FRA","Lens","Nantes","A",3,1,"L",-2
"2340","Ligue 1","FRA","Montpellier","Nice","A",2,0,"L",-2
"2341","Ligue 1","FRA","Toulouse","Le Havre","A",1,4,"W",3
"2342","Ligue 1","FRA","Brest","Strasbourg","A",0,0,"D",0
"2343","Ligue 1","FRA","Paris S-G","Lyon","A",2,3,"W",1
"2344","Ligue 1","FRA","Reims","Monaco","A",3,0,"L",-3
"2345","Ligue 1","FRA","Nice","Saint-Étienne","A",1,3,"W",2
"2346","Ligue 1","FRA","Le Havre","Lens","A",3,4,"W",1
"2347","Ligue 1","FRA","Lille","Paris S-G","A",4,1,"L",-3
"2348","Ligue 1","FRA","Brest","Lyon","A",2,1,"L",-1
"2349","Ligue 1","FRA","Rennes","Montpellier","A",0,4,"W",4
"2350","Ligue 1","FRA","Strasbourg","Auxerre","A",0,1,"W",1
"2351","Ligue 1","FRA","Toulouse","Angers","A",0,4,"W",4
"2352","Ligue 1","FRA","Nantes","Marseille","A",2,0,"L",-2
"2353","Ligue 1","FRA","Monaco","Toulouse","A",1,1,"D",0
"2354","Ligue 1","FRA","Paris S-G","Rennes","A",1,4,"W",3
"2355","Ligue 1","FRA","Montpellier","Lille","A",1,0,"L",-1
"2356","Ligue 1","FRA","Lens","Marseille","A",0,1,"W",1
"2357","Ligue 1","FRA","Angers","Brest","A",2,0,"L",-2
"2358","Ligue 1","FRA","Auxerre","Reims","A",0,2,"W",2
"2359","Ligue 1","FRA","Saint-Étienne","Le Havre","A",1,1,"D",0
"2360","Ligue 1","FRA","Strasbourg","Nantes","A",0,1,"W",1
"2361","Ligue 1","FRA","Lyon","Nice","A",0,2,"W",2
"2362","Ligue 1","FRA","Auxerre","Nice","A",1,1,"D",0
"2363","Ligue 1","FRA","Lille","Nantes","A",1,0,"L",-1
"2364","Ligue 1","FRA","Monaco","Angers","A",0,2,"W",2
"2365","Ligue 1","FRA","Rennes","Lens","A",1,0,"L",-1
"2366","Ligue 1","FRA","Le Havre","Lyon","A",4,2,"L",-2
"2367","Ligue 1","FRA","Toulouse","Strasbourg","A",2,1,"L",-1
"2368","Ligue 1","FRA","Saint-Étienne","Montpellier","A",0,2,"W",2
"2369","Ligue 1","FRA","Reims","Brest","A",0,0,"D",0
"2370","Ligue 1","FRA","Marseille","Paris S-G","A",3,1,"L",-2
"2371","Ligue 1","FRA","Lyon","Strasbourg","A",4,2,"L",-2
"2372","Ligue 1","FRA","Marseille","Reims","A",3,1,"L",-2
"2373","Ligue 1","FRA","Paris S-G","Saint-Étienne","A",1,6,"W",5
"2374","Ligue 1","FRA","Nice","Monaco","A",2,1,"L",-1
"2375","Ligue 1","FRA","Brest","Toulouse","A",2,4,"W",2
"2376","Ligue 1","FRA","Nantes","Le Havre","A",3,2,"L",-1
"2377","Ligue 1","FRA","Montpellier","Auxerre","A",1,0,"L",-1
"2378","Ligue 1","FRA","Rennes","Angers","A",0,3,"W",3
"2379","Ligue 1","FRA","Lens","Lille","A",1,0,"L",-1
"2380","Ligue 1","FRA","Nantes","Nice","A",1,2,"W",1
"2381","Ligue 1","FRA","Angers","Paris S-G","A",1,0,"L",-1
"2382","Ligue 1","FRA","Monaco","Brest","A",2,1,"L",-1
"2383","Ligue 1","FRA","Lille","Lyon","A",2,1,"L",-1
"2384","Ligue 1","FRA","Saint-Étienne","Lens","A",1,0,"L",-1
"2385","Ligue 1","FRA","Auxerre","Rennes","A",0,1,"W",1
"2386","Ligue 1","FRA","Strasbourg","Reims","A",0,1,"W",1
"2387","Ligue 1","FRA","Le Havre","Montpellier","A",0,2,"W",2
"2388","Ligue 1","FRA","Toulouse","Marseille","A",3,2,"L",-1
"2389","Ligue 1","FRA","Reims","Lens","A",0,2,"W",2
"2390","Ligue 1","FRA","Marseille","Monaco","A",3,0,"L",-3
"2391","Ligue 1","FRA","Lille","Toulouse","A",1,2,"W",1
"2392","Ligue 1","FRA","Nice","Strasbourg","A",2,2,"D",0
"2393","Ligue 1","FRA","Brest","Saint-Étienne","A",3,3,"D",0
"2394","Ligue 1","FRA","Montpellier","Angers","A",2,0,"L",-2
"2395","Ligue 1","FRA","Rennes","Le Havre","A",1,5,"W",4
"2396","Ligue 1","FRA","Lyon","Auxerre","A",1,3,"W",2
"2397","Ligue 1","FRA","Nantes","Rennes","A",2,1,"L",-1
"2398","Ligue 1","FRA","Le Havre","Paris S-G","A",2,1,"L",-1
"2399","Ligue 1","FRA","Strasbourg","Monaco","A",0,0,"D",0
"2400","Ligue 1","FRA","Montpellier","Marseille","A",5,1,"L",-4
"2401","Ligue 1","FRA","Auxerre","Lille","A",3,1,"L",-2
"2402","Ligue 1","FRA","Lens","Brest","A",1,3,"W",2
"2403","Ligue 1","FRA","Angers","Nice","A",2,1,"L",-1
"2404","Ligue 1","FRA","Toulouse","Reims","A",1,0,"L",-1
"2405","Ligue 1","FRA","Lyon","Saint-Étienne","A",2,1,"L",-1
"2406","Ligue 1","FRA","Paris S-G","Nantes","A",1,1,"D",0
"2407","Ligue 1","FRA","Nice","Paris S-G","A",1,3,"W",2
"2408","Ligue 1","FRA","Saint-Étienne","Strasbourg","A",3,1,"L",-2
"2409","Ligue 1","FRA","Monaco","Le Havre","A",1,1,"D",0
"2410","Ligue 1","FRA","Rennes","Lyon","A",4,1,"L",-3
"2411","Ligue 1","FRA","Lille","Angers","A",0,2,"W",2
"2412","Ligue 1","FRA","Toulouse","Nantes","A",0,0,"D",0
"2413","Ligue 1","FRA","Auxerre","Lens","A",0,4,"W",4
"2414","Ligue 1","FRA","Reims","Montpellier","A",0,0,"D",0
"2415","Ligue 1","FRA","Brest","Marseille","A",4,1,"L",-3
"2416","Ligue 1","FRA","Reims","Nice","A",1,0,"L",-1
"2417","Ligue 1","FRA","Paris S-G","Strasbourg","A",2,1,"L",-1
"2418","Ligue 1","FRA","Rennes","Toulouse","A",2,1,"L",-1
"2419","Ligue 1","FRA","Monaco","Saint-Étienne","A",1,3,"W",2
"2420","Ligue 1","FRA","Angers","Nantes","A",0,1,"W",1
"2421","Ligue 1","FRA","Montpellier","Brest","A",1,0,"L",-1
"2422","Ligue 1","FRA","Lens","Lyon","A",1,2,"W",1
"2423","Ligue 1","FRA","Le Havre","Auxerre","A",1,2,"W",1
"2424","Ligue 1","FRA","Marseille","Lille","A",1,1,"D",0
"2425","Ligue 1","FRA","Saint-Étienne","Reims","A",0,2,"W",2
"2426","Ligue 1","FRA","Nice","Rennes","A",2,0,"L",-2
"2427","Ligue 1","FRA","Strasbourg","Angers","A",2,1,"L",-1
"2428","Ligue 1","FRA","Marseille","Le Havre","A",1,3,"W",2
"2429","Ligue 1","FRA","Nantes","Auxerre","A",1,1,"D",0
"2430","Ligue 1","FRA","Lyon","Monaco","A",2,0,"L",-2
"2431","Ligue 1","FRA","Lens","Toulouse","A",1,1,"D",0
"2432","Ligue 1","FRA","Paris S-G","Montpellier","A",1,4,"W",3
"2433","Ligue 1","FRA","Lille","Brest","A",2,0,"L",-2
"2434","Ligue 1","FRA","Reims","Lille","A",2,1,"L",-1
"2435","Ligue 1","FRA","Monaco","Lens","A",4,0,"L",-4
"2436","Ligue 1","FRA","Montpellier","Nantes","A",3,0,"L",-3
"2437","Ligue 1","FRA","Auxerre","Paris S-G","A",3,1,"L",-2
"2438","Ligue 1","FRA","Le Havre","Strasbourg","A",2,3,"W",1
"2439","Ligue 1","FRA","Angers","Lyon","A",2,0,"L",-2
"2440","Ligue 1","FRA","Brest","Nice","A",6,0,"L",-6
"2441","Ligue 1","FRA","Rennes","Marseille","A",4,2,"L",-2
"2442","Ligue 1","FRA","Toulouse","Saint-Étienne","A",2,3,"W",1
"2443","Ligue 1","FRA","Reims","Metz","A",1,1,"D",0
"2444","Ligue 1","FRA","Metz","Reims","A",1,3,"W",2
"2445","Fußball-Bundesliga","GER","Leverkusen","Gladbach","A",2,3,"W",1
"2446","Fußball-Bundesliga","GER","Holstein Kiel","Hoffenheim","A",3,2,"L",-1
"2447","Fußball-Bundesliga","GER","Union Berlin","Mainz 05","A",1,1,"D",0
"2448","Fußball-Bundesliga","GER","Werder Bremen","Augsburg","A",2,2,"D",0
"2449","Fußball-Bundesliga","GER","Stuttgart","Freiburg","A",3,1,"L",-2
"2450","Fußball-Bundesliga","GER","Bochum","RB Leipzig","A",1,0,"L",-1
"2451","Fußball-Bundesliga","GER","Eint Frankfurt","Dortmund","A",2,0,"L",-2
"2452","Fußball-Bundesliga","GER","Bayern Munich","Wolfsburg","A",2,3,"W",1
"2453","Fußball-Bundesliga","GER","Heidenheim","St. Pauli","A",0,2,"W",2
"2454","Fußball-Bundesliga","GER","St. Pauli","Union Berlin","A",1,0,"L",-1
"2455","Fußball-Bundesliga","GER","Dortmund","Werder Bremen","A",0,0,"D",0
"2456","Fußball-Bundesliga","GER","Hoffenheim","Eint Frankfurt","A",3,1,"L",-2
"2457","Fußball-Bundesliga","GER","Gladbach","Bochum","A",0,2,"W",2
"2458","Fußball-Bundesliga","GER","Wolfsburg","Holstein Kiel","A",0,2,"W",2
"2459","Fußball-Bundesliga","GER","Mainz 05","Stuttgart","A",3,3,"D",0
"2460","Fußball-Bundesliga","GER","RB Leipzig","Leverkusen","A",2,3,"W",1
"2461","Fußball-Bundesliga","GER","Augsburg","Heidenheim","A",4,0,"L",-4
"2462","Fußball-Bundesliga","GER","Freiburg","Bayern Munich","A",2,0,"L",-2
"2463","Fußball-Bundesliga","GER","Heidenheim","Dortmund","A",4,2,"L",-2
"2464","Fußball-Bundesliga","GER","Union Berlin","RB Leipzig","A",0,0,"D",0
"2465","Fußball-Bundesliga","GER","Stuttgart","Gladbach","A",1,3,"W",2
"2466","Fußball-Bundesliga","GER","Bochum","Freiburg","A",2,1,"L",-1
"2467","Fußball-Bundesliga","GER","Eint Frankfurt","Wolfsburg","A",1,2,"W",1
"2468","Fußball-Bundesliga","GER","Leverkusen","Hoffenheim","A",1,4,"W",3
"2469","Fußball-Bundesliga","GER","Bayern Munich","Holstein Kiel","A",1,6,"W",5
"2470","Fußball-Bundesliga","GER","St. Pauli","Augsburg","A",3,1,"L",-2
"2471","Fußball-Bundesliga","GER","Werder Bremen","Mainz 05","A",1,2,"W",1
"2472","Fußball-Bundesliga","GER","Mainz 05","Augsburg","A",2,3,"W",1
"2473","Fußball-Bundesliga","GER","Hoffenheim","Union Berlin","A",2,1,"L",-1
"2474","Fußball-Bundesliga","GER","Holstein Kiel","Bochum","A",2,2,"D",0
"2475","Fußball-Bundesliga","GER","Freiburg","Heidenheim","A",0,3,"W",3
"2476","Fußball-Bundesliga","GER","Bayern Munich","Werder Bremen","A",0,5,"W",5
"2477","Fußball-Bundesliga","GER","Gladbach","Eint Frankfurt","A",2,0,"L",-2
"2478","Fußball-Bundesliga","GER","Wolfsburg","Leverkusen","A",4,3,"L",-1
"2479","Fußball-Bundesliga","GER","Dortmund","Stuttgart","A",5,1,"L",-4
"2480","Fußball-Bundesliga","GER","RB Leipzig","St. Pauli","A",0,0,"D",0
"2481","Fußball-Bundesliga","GER","Bochum","Dortmund","A",4,2,"L",-2
"2482","Fußball-Bundesliga","GER","Heidenheim","Mainz 05","A",0,2,"W",2
"2483","Fußball-Bundesliga","GER","St. Pauli","Freiburg","A",0,3,"W",3
"2484","Fußball-Bundesliga","GER","Augsburg","RB Leipzig","A",4,0,"L",-4
"2485","Fußball-Bundesliga","GER","Union Berlin","Gladbach","A",1,0,"L",-1
"2486","Fußball-Bundesliga","GER","Stuttgart","Wolfsburg","A",2,2,"D",0
"2487","Fußball-Bundesliga","GER","Leverkusen","Bayern Munich","A",1,1,"D",0
"2488","Fußball-Bundesliga","GER","Eint Frankfurt","Holstein Kiel","A",2,4,"W",2
"2489","Fußball-Bundesliga","GER","Werder Bremen","Hoffenheim","A",3,4,"W",1
"2490","Fußball-Bundesliga","GER","Gladbach","Augsburg","A",2,1,"L",-1
"2491","Fußball-Bundesliga","GER","Wolfsburg","Bochum","A",1,3,"W",2
"2492","Fußball-Bundesliga","GER","Dortmund","Union Berlin","A",2,1,"L",-1
"2493","Fußball-Bundesliga","GER","Freiburg","Werder Bremen","A",0,1,"W",1
"2494","Fußball-Bundesliga","GER","Holstein Kiel","Leverkusen","A",2,2,"D",0
"2495","Fußball-Bundesliga","GER","Mainz 05","St. Pauli","A",0,3,"W",3
"2496","Fußball-Bundesliga","GER","RB Leipzig","Heidenheim","A",0,1,"W",1
"2497","Fußball-Bundesliga","GER","Bayern Munich","Eint Frankfurt","A",3,3,"D",0
"2498","Fußball-Bundesliga","GER","Hoffenheim","Stuttgart","A",1,1,"D",0
"2499","Fußball-Bundesliga","GER","St. Pauli","Dortmund","A",2,1,"L",-1
"2500","Fußball-Bundesliga","GER","Eint Frankfurt","Leverkusen","A",2,1,"L",-1
"2501","Fußball-Bundesliga","GER","RB Leipzig","Mainz 05","A",0,2,"W",2
"2502","Fußball-Bundesliga","GER","Augsburg","Freiburg","A",3,1,"L",-2
"2503","Fußball-Bundesliga","GER","Bochum","Hoffenheim","A",3,1,"L",-2
"2504","Fußball-Bundesliga","GER","Heidenheim","Gladbach","A",3,2,"L",-1
"2505","Fußball-Bundesliga","GER","Stuttgart","Bayern Munich","A",4,0,"L",-4
"2506","Fußball-Bundesliga","GER","Union Berlin","Holstein Kiel","A",0,2,"W",2
"2507","Fußball-Bundesliga","GER","Werder Bremen","Wolfsburg","A",2,4,"W",2
"2508","Fußball-Bundesliga","GER","Gladbach","Mainz 05","A",1,1,"D",0
"2509","Fußball-Bundesliga","GER","Wolfsburg","St. Pauli","A",0,0,"D",0
"2510","Fußball-Bundesliga","GER","Holstein Kiel","Stuttgart","A",2,1,"L",-1
"2511","Fußball-Bundesliga","GER","Dortmund","Augsburg","A",2,1,"L",-1
"2512","Fußball-Bundesliga","GER","Freiburg","RB Leipzig","A",3,1,"L",-2
"2513","Fußball-Bundesliga","GER","Leverkusen","Werder Bremen","A",2,2,"D",0
"2514","Fußball-Bundesliga","GER","Bayern Munich","Bochum","A",0,5,"W",5
"2515","Fußball-Bundesliga","GER","Eint Frankfurt","Union Berlin","A",1,1,"D",0
"2516","Fußball-Bundesliga","GER","Hoffenheim","Heidenheim","A",0,0,"D",0
"2517","Fußball-Bundesliga","GER","Stuttgart","Leverkusen","A",0,0,"D",0
"2518","Fußball-Bundesliga","GER","Augsburg","Wolfsburg","A",1,1,"D",0
"2519","Fußball-Bundesliga","GER","Union Berlin","Bayern Munich","A",3,0,"L",-3
"2520","Fußball-Bundesliga","GER","Bochum","Eint Frankfurt","A",7,2,"L",-5
"2521","Fußball-Bundesliga","GER","Heidenheim","Holstein Kiel","A",1,0,"L",-1
"2522","Fußball-Bundesliga","GER","St. Pauli","Hoffenheim","A",0,2,"W",2
"2523","Fußball-Bundesliga","GER","RB Leipzig","Dortmund","A",2,1,"L",-1
"2524","Fußball-Bundesliga","GER","Mainz 05","Freiburg","A",0,0,"D",0
"2525","Fußball-Bundesliga","GER","Werder Bremen","Gladbach","A",4,1,"L",-3
"2526","Fußball-Bundesliga","GER","Freiburg","Union Berlin","A",0,0,"D",0
"2527","Fußball-Bundesliga","GER","Leverkusen","Bochum","A",1,1,"D",0
"2528","Fußball-Bundesliga","GER","Holstein Kiel","Werder Bremen","A",2,1,"L",-1
"2529","Fußball-Bundesliga","GER","Dortmund","Mainz 05","A",3,1,"L",-2
"2530","Fußball-Bundesliga","GER","Bayern Munich","St. Pauli","A",0,1,"W",1
"2531","Fußball-Bundesliga","GER","Gladbach","RB Leipzig","A",0,0,"D",0
"2532","Fußball-Bundesliga","GER","Hoffenheim","Augsburg","A",0,0,"D",0
"2533","Fußball-Bundesliga","GER","Eint Frankfurt","Stuttgart","A",2,3,"W",1
"2534","Fußball-Bundesliga","GER","Wolfsburg","Heidenheim","A",1,3,"W",2
"2535","Fußball-Bundesliga","GER","Augsburg","Bayern Munich","A",3,0,"L",-3
"2536","Fußball-Bundesliga","GER","Union Berlin","Wolfsburg","A",1,0,"L",-1
"2537","Fußball-Bundesliga","GER","Heidenheim","Leverkusen","A",5,2,"L",-3
"2538","Fußball-Bundesliga","GER","RB Leipzig","Hoffenheim","A",4,3,"L",-1
"2539","Fußball-Bundesliga","GER","Bochum","Stuttgart","A",2,0,"L",-2
"2540","Fußball-Bundesliga","GER","Freiburg","Dortmund","A",4,0,"L",-4
"2541","Fußball-Bundesliga","GER","Werder Bremen","Eint Frankfurt","A",1,0,"L",-1
"2542","Fußball-Bundesliga","GER","Mainz 05","Holstein Kiel","A",0,3,"W",3
"2543","Fußball-Bundesliga","GER","St. Pauli","Gladbach","A",2,0,"L",-2
"2544","Fußball-Bundesliga","GER","Holstein Kiel","St. Pauli","A",3,1,"L",-2
"2545","Fußball-Bundesliga","GER","Wolfsburg","RB Leipzig","A",1,5,"W",4
"2546","Fußball-Bundesliga","GER","Gladbach","Freiburg","A",3,1,"L",-2
"2547","Fußball-Bundesliga","GER","Leverkusen","Union Berlin","A",1,2,"W",1
"2548","Fußball-Bundesliga","GER","Stuttgart","Werder Bremen","A",2,2,"D",0
"2549","Fußball-Bundesliga","GER","Bochum","Augsburg","A",1,0,"L",-1
"2550","Fußball-Bundesliga","GER","Bayern Munich","Dortmund","A",1,1,"D",0
"2551","Fußball-Bundesliga","GER","Hoffenheim","Mainz 05","A",2,0,"L",-2
"2552","Fußball-Bundesliga","GER","Eint Frankfurt","Heidenheim","A",0,4,"W",4
"2553","Fußball-Bundesliga","GER","Union Berlin","Stuttgart","A",3,2,"L",-1
"2554","Fußball-Bundesliga","GER","Werder Bremen","Bochum","A",0,1,"W",1
"2555","Fußball-Bundesliga","GER","RB Leipzig","Holstein Kiel","A",0,2,"W",2
"2556","Fußball-Bundesliga","GER","St. Pauli","Leverkusen","A",2,1,"L",-1
"2557","Fußball-Bundesliga","GER","Augsburg","Eint Frankfurt","A",2,2,"D",0
"2558","Fußball-Bundesliga","GER","Heidenheim","Bayern Munich","A",4,2,"L",-2
"2559","Fußball-Bundesliga","GER","Dortmund","Gladbach","A",1,1,"D",0
"2560","Fußball-Bundesliga","GER","Mainz 05","Wolfsburg","A",4,3,"L",-1
"2561","Fußball-Bundesliga","GER","Freiburg","Hoffenheim","A",1,1,"D",0
"2562","Fußball-Bundesliga","GER","Wolfsburg","Freiburg","A",3,2,"L",-1
"2563","Fußball-Bundesliga","GER","Leverkusen","Augsburg","A",0,2,"W",2
"2564","Fußball-Bundesliga","GER","Bayern Munich","Mainz 05","A",2,1,"L",-1
"2565","Fußball-Bundesliga","GER","Bochum","Union Berlin","A",0,2,"W",2
"2566","Fußball-Bundesliga","GER","Holstein Kiel","Gladbach","A",4,1,"L",-3
"2567","Fußball-Bundesliga","GER","Werder Bremen","St. Pauli","A",0,2,"W",2
"2568","Fußball-Bundesliga","GER","Stuttgart","Heidenheim","A",1,3,"W",2
"2569","Fußball-Bundesliga","GER","Hoffenheim","Dortmund","A",1,1,"D",0
"2570","Fußball-Bundesliga","GER","Eint Frankfurt","RB Leipzig","A",2,1,"L",-1
"2571","Fußball-Bundesliga","GER","RB Leipzig","Bayern Munich","A",5,1,"L",-4
"2572","Fußball-Bundesliga","GER","Union Berlin","Werder Bremen","A",4,1,"L",-3
"2573","Fußball-Bundesliga","GER","Mainz 05","Eint Frankfurt","A",1,3,"W",2
"2574","Fußball-Bundesliga","GER","St. Pauli","Stuttgart","A",0,1,"W",1
"2575","Fußball-Bundesliga","GER","Gladbach","Hoffenheim","A",1,2,"W",1
"2576","Fußball-Bundesliga","GER","Augsburg","Holstein Kiel","A",5,1,"L",-4
"2577","Fußball-Bundesliga","GER","Freiburg","Leverkusen","A",5,1,"L",-4
"2578","Fußball-Bundesliga","GER","Heidenheim","Bochum","A",2,0,"L",-2
"2579","Fußball-Bundesliga","GER","Dortmund","Wolfsburg","A",1,3,"W",2
"2580","Fußball-Bundesliga","GER","Leverkusen","Dortmund","A",2,3,"W",1
"2581","Fußball-Bundesliga","GER","Bochum","Mainz 05","A",2,0,"L",-2
"2582","Fußball-Bundesliga","GER","Eint Frankfurt","St. Pauli","A",0,1,"W",1
"2583","Fußball-Bundesliga","GER","Union Berlin","Heidenheim","A",2,0,"L",-2
"2584","Fußball-Bundesliga","GER","Holstein Kiel","Freiburg","A",3,2,"L",-1
"2585","Fußball-Bundesliga","GER","Wolfsburg","Hoffenheim","A",0,1,"W",1
"2586","Fußball-Bundesliga","GER","Bayern Munich","Gladbach","A",0,1,"W",1
"2587","Fußball-Bundesliga","GER","Werder Bremen","RB Leipzig","A",4,2,"L",-2
"2588","Fußball-Bundesliga","GER","Stuttgart","Augsburg","A",0,1,"W",1
"2589","Fußball-Bundesliga","GER","Dortmund","Holstein Kiel","A",4,2,"L",-2
"2590","Fußball-Bundesliga","GER","Gladbach","Wolfsburg","A",5,1,"L",-4
"2591","Fußball-Bundesliga","GER","Mainz 05","Leverkusen","A",1,0,"L",-1
"2592","Fußball-Bundesliga","GER","Freiburg","Eint Frankfurt","A",4,1,"L",-3
"2593","Fußball-Bundesliga","GER","St. Pauli","Bochum","A",1,0,"L",-1
"2594","Fußball-Bundesliga","GER","Augsburg","Union Berlin","A",0,2,"W",2
"2595","Fußball-Bundesliga","GER","RB Leipzig","Stuttgart","A",2,1,"L",-1
"2596","Fußball-Bundesliga","GER","Heidenheim","Werder Bremen","A",3,3,"D",0
"2597","Fußball-Bundesliga","GER","Hoffenheim","Bayern Munich","A",5,0,"L",-5
"2598","Fußball-Bundesliga","GER","Dortmund","Eint Frankfurt","A",2,0,"L",-2
"2599","Fußball-Bundesliga","GER","Hoffenheim","Holstein Kiel","A",1,3,"W",2
"2600","Fußball-Bundesliga","GER","St. Pauli","Heidenheim","A",0,2,"W",2
"2601","Fußball-Bundesliga","GER","RB Leipzig","Bochum","A",3,3,"D",0
"2602","Fußball-Bundesliga","GER","Freiburg","Stuttgart","A",4,0,"L",-4
"2603","Fußball-Bundesliga","GER","Wolfsburg","Bayern Munich","A",3,2,"L",-1
"2604","Fußball-Bundesliga","GER","Gladbach","Leverkusen","A",3,1,"L",-2
"2605","Fußball-Bundesliga","GER","Mainz 05","Union Berlin","A",2,1,"L",-1
"2606","Fußball-Bundesliga","GER","Augsburg","Werder Bremen","A",0,2,"W",2
"2607","Fußball-Bundesliga","GER","Holstein Kiel","Wolfsburg","A",2,2,"D",0
"2608","Fußball-Bundesliga","GER","Bayern Munich","Freiburg","A",1,2,"W",1
"2609","Fußball-Bundesliga","GER","Leverkusen","RB Leipzig","A",2,2,"D",0
"2610","Fußball-Bundesliga","GER","Werder Bremen","Dortmund","A",2,2,"D",0
"2611","Fußball-Bundesliga","GER","Heidenheim","Augsburg","A",2,1,"L",-1
"2612","Fußball-Bundesliga","GER","Stuttgart","Mainz 05","A",2,0,"L",-2
"2613","Fußball-Bundesliga","GER","Bochum","Gladbach","A",3,0,"L",-3
"2614","Fußball-Bundesliga","GER","Eint Frankfurt","Hoffenheim","A",2,2,"D",0
"2615","Fußball-Bundesliga","GER","Union Berlin","St. Pauli","A",3,0,"L",-3
"2616","Fußball-Bundesliga","GER","Mainz 05","Werder Bremen","A",1,0,"L",-1
"2617","Fußball-Bundesliga","GER","Dortmund","Heidenheim","A",1,2,"W",1
"2618","Fußball-Bundesliga","GER","Augsburg","St. Pauli","A",1,1,"D",0
"2619","Fußball-Bundesliga","GER","Holstein Kiel","Bayern Munich","A",4,3,"L",-1
"2620","Fußball-Bundesliga","GER","Freiburg","Bochum","A",0,1,"W",1
"2621","Fußball-Bundesliga","GER","Gladbach","Stuttgart","A",1,2,"W",1
"2622","Fußball-Bundesliga","GER","RB Leipzig","Union Berlin","A",0,0,"D",0
"2623","Fußball-Bundesliga","GER","Wolfsburg","Eint Frankfurt","A",1,1,"D",0
"2624","Fußball-Bundesliga","GER","Hoffenheim","Leverkusen","A",3,1,"L",-2
"2625","Fußball-Bundesliga","GER","Werder Bremen","Bayern Munich","A",3,0,"L",-3
"2626","Fußball-Bundesliga","GER","Heidenheim","Freiburg","A",1,0,"L",-1
"2627","Fußball-Bundesliga","GER","Stuttgart","Dortmund","A",1,2,"W",1
"2628","Fußball-Bundesliga","GER","Leverkusen","Wolfsburg","A",0,0,"D",0
"2629","Fußball-Bundesliga","GER","Union Berlin","Hoffenheim","A",0,4,"W",4
"2630","Fußball-Bundesliga","GER","Augsburg","Mainz 05","A",0,0,"D",0
"2631","Fußball-Bundesliga","GER","Eint Frankfurt","Gladbach","A",1,1,"D",0
"2632","Fußball-Bundesliga","GER","Bochum","Holstein Kiel","A",2,2,"D",0
"2633","Fußball-Bundesliga","GER","St. Pauli","RB Leipzig","A",2,0,"L",-2
"2634","Fußball-Bundesliga","GER","RB Leipzig","Augsburg","A",0,0,"D",0
"2635","Fußball-Bundesliga","GER","Wolfsburg","Stuttgart","A",1,2,"W",1
"2636","Fußball-Bundesliga","GER","Gladbach","Union Berlin","A",1,2,"W",1
"2637","Fußball-Bundesliga","GER","Freiburg","St. Pauli","A",0,1,"W",1
"2638","Fußball-Bundesliga","GER","Dortmund","Bochum","A",2,0,"L",-2
"2639","Fußball-Bundesliga","GER","Bayern Munich","Leverkusen","A",0,0,"D",0
"2640","Fußball-Bundesliga","GER","Hoffenheim","Werder Bremen","A",1,3,"W",2
"2641","Fußball-Bundesliga","GER","Holstein Kiel","Eint Frankfurt","A",3,1,"L",-2
"2642","Fußball-Bundesliga","GER","Mainz 05","Heidenheim","A",0,2,"W",2
"2643","Fußball-Bundesliga","GER","Werder Bremen","Freiburg","A",5,0,"L",-5
"2644","Fußball-Bundesliga","GER","St. Pauli","Mainz 05","A",2,0,"L",-2
"2645","Fußball-Bundesliga","GER","Bochum","Wolfsburg","A",1,1,"D",0
"2646","Fußball-Bundesliga","GER","Augsburg","Gladbach","A",0,3,"W",3
"2647","Fußball-Bundesliga","GER","Leverkusen","Holstein Kiel","A",0,2,"W",2
"2648","Fußball-Bundesliga","GER","Union Berlin","Dortmund","A",6,0,"L",-6
"2649","Fußball-Bundesliga","GER","Heidenheim","RB Leipzig","A",2,2,"D",0
"2650","Fußball-Bundesliga","GER","Eint Frankfurt","Bayern Munich","A",4,0,"L",-4
"2651","Fußball-Bundesliga","GER","Stuttgart","Hoffenheim","A",1,1,"D",0
"2652","Fußball-Bundesliga","GER","Bayern Munich","Stuttgart","A",1,3,"W",2
"2653","Fußball-Bundesliga","GER","Wolfsburg","Werder Bremen","A",1,2,"W",1
"2654","Fußball-Bundesliga","GER","Mainz 05","RB Leipzig","A",1,2,"W",1
"2655","Fußball-Bundesliga","GER","Gladbach","Heidenheim","A",0,3,"W",3
"2656","Fußball-Bundesliga","GER","Hoffenheim","Bochum","A",0,1,"W",1
"2657","Fußball-Bundesliga","GER","Dortmund","St. Pauli","A",0,2,"W",2
"2658","Fußball-Bundesliga","GER","Leverkusen","Eint Frankfurt","A",1,4,"W",3
"2659","Fußball-Bundesliga","GER","Holstein Kiel","Union Berlin","A",0,1,"W",1
"2660","Fußball-Bundesliga","GER","Freiburg","Augsburg","A",0,0,"D",0
"2661","Fußball-Bundesliga","GER","Mainz 05","Gladbach","A",1,3,"W",2
"2662","Fußball-Bundesliga","GER","Werder Bremen","Leverkusen","A",0,2,"W",2
"2663","Fußball-Bundesliga","GER","Bochum","Bayern Munich","A",2,3,"W",1
"2664","Fußball-Bundesliga","GER","Stuttgart","Holstein Kiel","A",2,2,"D",0
"2665","Fußball-Bundesliga","GER","St. Pauli","Wolfsburg","A",1,1,"D",0
"2666","Fußball-Bundesliga","GER","Augsburg","Dortmund","A",0,1,"W",1
"2667","Fußball-Bundesliga","GER","RB Leipzig","Freiburg","A",0,0,"D",0
"2668","Fußball-Bundesliga","GER","Union Berlin","Eint Frankfurt","A",1,2,"W",1
"2669","Fußball-Bundesliga","GER","Heidenheim","Hoffenheim","A",1,1,"D",0
"2670","Fußball-Bundesliga","GER","Hoffenheim","St. Pauli","A",1,0,"L",-1
"2671","Fußball-Bundesliga","GER","Bayern Munich","Union Berlin","A",1,1,"D",0
"2672","Fußball-Bundesliga","GER","Gladbach","Werder Bremen","A",2,4,"W",2
"2673","Fußball-Bundesliga","GER","Freiburg","Mainz 05","A",2,2,"D",0
"2674","Fußball-Bundesliga","GER","Wolfsburg","Augsburg","A",1,0,"L",-1
"2675","Fußball-Bundesliga","GER","Dortmund","RB Leipzig","A",2,0,"L",-2
"2676","Fußball-Bundesliga","GER","Eint Frankfurt","Bochum","A",1,3,"W",2
"2677","Fußball-Bundesliga","GER","Holstein Kiel","Heidenheim","A",3,1,"L",-2
"2678","Fußball-Bundesliga","GER","Leverkusen","Stuttgart","A",3,4,"W",1
"2679","Fußball-Bundesliga","GER","Bochum","Leverkusen","A",3,1,"L",-2
"2680","Fußball-Bundesliga","GER","Augsburg","Hoffenheim","A",1,1,"D",0
"2681","Fußball-Bundesliga","GER","Werder Bremen","Holstein Kiel","A",0,3,"W",3
"2682","Fußball-Bundesliga","GER","RB Leipzig","Gladbach","A",1,0,"L",-1
"2683","Fußball-Bundesliga","GER","St. Pauli","Bayern Munich","A",3,2,"L",-1
"2684","Fußball-Bundesliga","GER","Heidenheim","Wolfsburg","A",0,1,"W",1
"2685","Fußball-Bundesliga","GER","Stuttgart","Eint Frankfurt","A",1,0,"L",-1
"2686","Fußball-Bundesliga","GER","Union Berlin","Freiburg","A",1,2,"W",1
"2687","Fußball-Bundesliga","GER","Mainz 05","Dortmund","A",3,1,"L",-2
"2688","Fußball-Bundesliga","GER","Bayern Munich","Augsburg","A",1,3,"W",2
"2689","Fußball-Bundesliga","GER","Holstein Kiel","Mainz 05","A",1,1,"D",0
"2690","Fußball-Bundesliga","GER","Hoffenheim","RB Leipzig","A",3,1,"L",-2
"2691","Fußball-Bundesliga","GER","Dortmund","Freiburg","A",1,4,"W",3
"2692","Fußball-Bundesliga","GER","Stuttgart","Bochum","A",0,4,"W",4
"2693","Fußball-Bundesliga","GER","Leverkusen","Heidenheim","A",0,1,"W",1
"2694","Fußball-Bundesliga","GER","Eint Frankfurt","Werder Bremen","A",2,0,"L",-2
"2695","Fußball-Bundesliga","GER","Gladbach","St. Pauli","A",1,1,"D",0
"2696","Fußball-Bundesliga","GER","Wolfsburg","Union Berlin","A",1,0,"L",-1
"2697","Fußball-Bundesliga","GER","RB Leipzig","Wolfsburg","A",2,3,"W",1
"2698","Fußball-Bundesliga","GER","Mainz 05","Hoffenheim","A",2,0,"L",-2
"2699","Fußball-Bundesliga","GER","Freiburg","Gladbach","A",1,2,"W",1
"2700","Fußball-Bundesliga","GER","Augsburg","Bochum","A",1,2,"W",1
"2701","Fußball-Bundesliga","GER","Union Berlin","Leverkusen","A",0,0,"D",0
"2702","Fußball-Bundesliga","GER","St. Pauli","Holstein Kiel","A",1,2,"W",1
"2703","Fußball-Bundesliga","GER","Dortmund","Bayern Munich","A",2,2,"D",0
"2704","Fußball-Bundesliga","GER","Werder Bremen","Stuttgart","A",1,2,"W",1
"2705","Fußball-Bundesliga","GER","Heidenheim","Eint Frankfurt","A",3,0,"L",-3
"2706","Fußball-Bundesliga","GER","Holstein Kiel","RB Leipzig","A",1,1,"D",0
"2707","Fußball-Bundesliga","GER","Hoffenheim","Freiburg","A",3,2,"L",-1
"2708","Fußball-Bundesliga","GER","Bochum","Werder Bremen","A",1,0,"L",-1
"2709","Fußball-Bundesliga","GER","Bayern Munich","Heidenheim","A",0,4,"W",4
"2710","Fußball-Bundesliga","GER","Wolfsburg","Mainz 05","A",2,2,"D",0
"2711","Fußball-Bundesliga","GER","Stuttgart","Union Berlin","A",4,4,"D",0
"2712","Fußball-Bundesliga","GER","Eint Frankfurt","Augsburg","A",0,0,"D",0
"2713","Fußball-Bundesliga","GER","Gladbach","Dortmund","A",3,2,"L",-1
"2714","Fußball-Bundesliga","GER","Leverkusen","St. Pauli","A",1,1,"D",0
"2715","Fußball-Bundesliga","GER","Heidenheim","Stuttgart","A",0,1,"W",1
"2716","Fußball-Bundesliga","GER","Dortmund","Hoffenheim","A",2,3,"W",1
"2717","Fußball-Bundesliga","GER","Mainz 05","Bayern Munich","A",3,0,"L",-3
"2718","Fußball-Bundesliga","GER","Augsburg","Leverkusen","A",2,0,"L",-2
"2719","Fußball-Bundesliga","GER","Gladbach","Holstein Kiel","A",4,3,"L",-1
"2720","Fußball-Bundesliga","GER","Freiburg","Wolfsburg","A",0,1,"W",1
"2721","Fußball-Bundesliga","GER","RB Leipzig","Eint Frankfurt","A",4,0,"L",-4
"2722","Fußball-Bundesliga","GER","Union Berlin","Bochum","A",1,1,"D",0
"2723","Fußball-Bundesliga","GER","St. Pauli","Werder Bremen","A",0,0,"D",0
"2724","Fußball-Bundesliga","GER","Bochum","Heidenheim","A",0,0,"D",0
"2725","Fußball-Bundesliga","GER","Stuttgart","St. Pauli","A",0,1,"W",1
"2726","Fußball-Bundesliga","GER","Hoffenheim","Gladbach","A",4,4,"D",0
"2727","Fußball-Bundesliga","GER","Bayern Munich","RB Leipzig","A",3,3,"D",0
"2728","Fußball-Bundesliga","GER","Werder Bremen","Union Berlin","A",2,2,"D",0
"2729","Fußball-Bundesliga","GER","Wolfsburg","Dortmund","A",4,0,"L",-4
"2730","Fußball-Bundesliga","GER","Holstein Kiel","Augsburg","A",1,3,"W",2
"2731","Fußball-Bundesliga","GER","Leverkusen","Freiburg","A",2,2,"D",0
"2732","Fußball-Bundesliga","GER","Eint Frankfurt","Mainz 05","A",1,1,"D",0
"2733","Fußball-Bundesliga","GER","Hoffenheim","Wolfsburg","A",2,2,"D",0
"2734","Fußball-Bundesliga","GER","Mainz 05","Bochum","A",1,4,"W",3
"2735","Fußball-Bundesliga","GER","RB Leipzig","Werder Bremen","A",0,0,"D",0
"2736","Fußball-Bundesliga","GER","Freiburg","Holstein Kiel","A",1,2,"W",1
"2737","Fußball-Bundesliga","GER","Heidenheim","Union Berlin","A",0,3,"W",3
"2738","Fußball-Bundesliga","GER","Gladbach","Bayern Munich","A",2,0,"L",-2
"2739","Fußball-Bundesliga","GER","Dortmund","Leverkusen","A",2,4,"W",2
"2740","Fußball-Bundesliga","GER","St. Pauli","Eint Frankfurt","A",2,2,"D",0
"2741","Fußball-Bundesliga","GER","Augsburg","Stuttgart","A",4,0,"L",-4
"2742","Fußball-Bundesliga","GER","Stuttgart","RB Leipzig","A",2,3,"W",1
"2743","Fußball-Bundesliga","GER","Wolfsburg","Gladbach","A",0,1,"W",1
"2744","Fußball-Bundesliga","GER","Werder Bremen","Heidenheim","A",1,4,"W",3
"2745","Fußball-Bundesliga","GER","Bochum","St. Pauli","A",0,2,"W",2
"2746","Fußball-Bundesliga","GER","Eint Frankfurt","Freiburg","A",1,3,"W",2
"2747","Fußball-Bundesliga","GER","Union Berlin","Augsburg","A",1,2,"W",1
"2748","Fußball-Bundesliga","GER","Leverkusen","Mainz 05","A",2,2,"D",0
"2749","Fußball-Bundesliga","GER","Holstein Kiel","Dortmund","A",3,0,"L",-3
"2750","Fußball-Bundesliga","GER","Bayern Munich","Hoffenheim","A",0,4,"W",4
"2751","Fußball-Bundesliga","GER","Elversberg","Heidenheim","A",2,2,"D",0
"2752","Fußball-Bundesliga","GER","Heidenheim","Elversberg","A",1,2,"W",1
"2753","La Liga","ESP","Getafe","Athletic Club","A",1,1,"D",0
"2754","La Liga","ESP","Girona","Betis","A",1,1,"D",0
"2755","La Liga","ESP","Alavés","Celta Vigo","A",2,1,"L",-1
"2756","La Liga","ESP","Sevilla","Las Palmas","A",2,2,"D",0
"2757","La Liga","ESP","Leganés","Osasuna","A",1,1,"D",0
"2758","La Liga","ESP","Barcelona","Valencia","A",1,2,"W",1
"2759","La Liga","ESP","Rayo Vallecano","Real Sociedad","A",1,2,"W",1
"2760","La Liga","ESP","Real Madrid","Mallorca","A",1,1,"D",0
"2761","La Liga","ESP","Espanyol","Valladolid","A",1,0,"L",-1
"2762","La Liga","ESP","Atlético Madrid","Villarreal","A",2,2,"D",0
"2763","La Liga","ESP","Valencia","Celta Vigo","A",3,1,"L",-2
"2764","La Liga","ESP","Villarreal","Sevilla","A",1,2,"W",1
"2765","La Liga","ESP","Mallorca","Osasuna","A",1,0,"L",-1
"2766","La Liga","ESP","Athletic Club","Barcelona","A",2,1,"L",-1
"2767","La Liga","ESP","Rayo Vallecano","Getafe","A",0,0,"D",0
"2768","La Liga","ESP","Real Sociedad","Espanyol","A",0,1,"W",1
"2769","La Liga","ESP","Valladolid","Real Madrid","A",3,0,"L",-3
"2770","La Liga","ESP","Las Palmas","Leganés","A",2,1,"L",-1
"2771","La Liga","ESP","Betis","Alavés","A",0,0,"D",0
"2772","La Liga","ESP","Girona","Atlético Madrid","A",3,0,"L",-3
"2773","La Liga","ESP","Celta Vigo","Villarreal","A",4,3,"L",-1
"2774","La Liga","ESP","Sevilla","Mallorca","A",0,0,"D",0
"2775","La Liga","ESP","Barcelona","Rayo Vallecano","A",1,2,"W",1
"2776","La Liga","ESP","Valencia","Athletic Club","A",1,0,"L",-1
"2777","La Liga","ESP","Leganés","Valladolid","A",0,0,"D",0
"2778","La Liga","ESP","Espanyol","Atlético Madrid","A",0,0,"D",0
"2779","La Liga","ESP","Alavés","Real Sociedad","A",1,2,"W",1
"2780","La Liga","ESP","Osasuna","Girona","A",4,0,"L",-4
"2781","La Liga","ESP","Real Madrid","Las Palmas","A",1,1,"D",0
"2782","La Liga","ESP","Valladolid","Barcelona","A",7,0,"L",-7
"2783","La Liga","ESP","Atlético Madrid","Athletic Club","A",0,1,"W",1
"2784","La Liga","ESP","Rayo Vallecano","Espanyol","A",2,1,"L",-1
"2785","La Liga","ESP","Villarreal","Valencia","A",1,1,"D",0
"2786","La Liga","ESP","Mallorca","Leganés","A",0,1,"W",1
"2787","La Liga","ESP","Las Palmas","Alavés","A",2,0,"L",-2
"2788","La Liga","ESP","Celta Vigo","Osasuna","A",3,2,"L",-1
"2789","La Liga","ESP","Girona","Sevilla","A",0,2,"W",2
"2790","La Liga","ESP","Real Sociedad","Getafe","A",0,0,"D",0
"2791","La Liga","ESP","Betis","Real Madrid","A",2,0,"L",-2
"2792","La Liga","ESP","Leganés","Betis","A",2,0,"L",-2
"2793","La Liga","ESP","Villarreal","Mallorca","A",1,2,"W",1
"2794","La Liga","ESP","Alavés","Espanyol","A",3,2,"L",-1
"2795","La Liga","ESP","Getafe","Sevilla","A",1,0,"L",-1
"2796","La Liga","ESP","Real Madrid","Real Sociedad","A",0,2,"W",2
"2797","La Liga","ESP","Valladolid","Celta Vigo","A",3,1,"L",-2
"2798","La Liga","ESP","Barcelona","Girona","A",1,4,"W",3
"2799","La Liga","ESP","Athletic Club","Las Palmas","A",2,3,"W",1
"2800","La Liga","ESP","Valencia","Atlético Madrid","A",3,0,"L",-3
"2801","La Liga","ESP","Osasuna","Rayo Vallecano","A",3,1,"L",-2
"2802","La Liga","ESP","Real Sociedad","Mallorca","A",1,0,"L",-1
"2803","La Liga","ESP","Getafe","Betis","A",2,1,"L",-1
"2804","La Liga","ESP","Athletic Club","Leganés","A",0,2,"W",2
"2805","La Liga","ESP","Sevilla","Alavés","A",2,1,"L",-1
"2806","La Liga","ESP","Real Sociedad","Valladolid","A",0,0,"D",0
"2807","La Liga","ESP","Las Palmas","Osasuna","A",2,1,"L",-1
"2808","La Liga","ESP","Girona","Valencia","A",2,0,"L",-2
"2809","La Liga","ESP","Espanyol","Real Madrid","A",4,1,"L",-3
"2810","La Liga","ESP","Leganés","Getafe","A",1,1,"D",0
"2811","La Liga","ESP","Celta Vigo","Athletic Club","A",3,1,"L",-2
"2812","La Liga","ESP","Barcelona","Villarreal","A",1,5,"W",4
"2813","La Liga","ESP","Atlético Madrid","Rayo Vallecano","A",1,1,"D",0
"2814","La Liga","ESP","Mallorca","Betis","A",1,2,"W",1
"2815","La Liga","ESP","Valladolid","Sevilla","A",2,1,"L",-1
"2816","La Liga","ESP","Osasuna","Valencia","A",0,0,"D",0
"2817","La Liga","ESP","Alavés","Real Madrid","A",3,2,"L",-1
"2818","La Liga","ESP","Rayo Vallecano","Girona","A",0,0,"D",0
"2819","La Liga","ESP","Getafe","Barcelona","A",1,0,"L",-1
"2820","La Liga","ESP","Betis","Las Palmas","A",1,1,"D",0
"2821","La Liga","ESP","Villarreal","Espanyol","A",1,2,"W",1
"2822","La Liga","ESP","Atlético Madrid","Celta Vigo","A",0,1,"W",1
"2823","La Liga","ESP","Mallorca","Valladolid","A",1,2,"W",1
"2824","La Liga","ESP","Alavés","Getafe","A",2,0,"L",-2
"2825","La Liga","ESP","Leganés","Rayo Vallecano","A",1,1,"D",0
"2826","La Liga","ESP","Valencia","Real Sociedad","A",3,0,"L",-3
"2827","La Liga","ESP","Barcelona","Osasuna","A",4,2,"L",-2
"2828","La Liga","ESP","Girona","Celta Vigo","A",1,1,"D",0
"2829","La Liga","ESP","Sevilla","Athletic Club","A",1,1,"D",0
"2830","La Liga","ESP","Espanyol","Betis","A",1,0,"L",-1
"2831","La Liga","ESP","Real Madrid","Atlético Madrid","A",1,1,"D",0
"2832","La Liga","ESP","Las Palmas","Villarreal","A",3,1,"L",-2
"2833","La Liga","ESP","Valencia","Leganés","A",0,0,"D",0
"2834","La Liga","ESP","Mallorca","Espanyol","A",2,1,"L",-1
"2835","La Liga","ESP","Osasuna","Getafe","A",1,1,"D",0
"2836","La Liga","ESP","Celta Vigo","Las Palmas","A",0,1,"W",1
"2837","La Liga","ESP","Rayo Vallecano","Valladolid","A",1,2,"W",1
"2838","La Liga","ESP","Villarreal","Real Madrid","A",2,0,"L",-2
"2839","La Liga","ESP","Athletic Club","Girona","A",2,1,"L",-1
"2840","La Liga","ESP","Barcelona","Alavés","A",0,3,"W",3
"2841","La Liga","ESP","Betis","Sevilla","A",1,0,"L",-1
"2842","La Liga","ESP","Atlético Madrid","Real Sociedad","A",1,1,"D",0
"2843","La Liga","ESP","Valladolid","Alavés","A",2,3,"W",1
"2844","La Liga","ESP","Espanyol","Athletic Club","A",4,1,"L",-3
"2845","La Liga","ESP","Betis","Osasuna","A",1,2,"W",1
"2846","La Liga","ESP","Real Sociedad","Girona","A",0,1,"W",1
"2847","La Liga","ESP","Real Madrid","Celta Vigo","A",1,2,"W",1
"2848","La Liga","ESP","Rayo Vallecano","Mallorca","A",1,0,"L",-1
"2849","La Liga","ESP","Leganés","Atlético Madrid","A",3,1,"L",-2
"2850","La Liga","ESP","Getafe","Villarreal","A",1,1,"D",0
"2851","La Liga","ESP","Sevilla","Barcelona","A",5,1,"L",-4
"2852","La Liga","ESP","Las Palmas","Valencia","A",2,3,"W",1
"2853","La Liga","ESP","Sevilla","Espanyol","A",0,2,"W",2
"2854","La Liga","ESP","Villarreal","Valladolid","A",1,2,"W",1
"2855","La Liga","ESP","Alavés","Rayo Vallecano","A",1,0,"L",-1
"2856","La Liga","ESP","Girona","Las Palmas","A",1,0,"L",-1
"2857","La Liga","ESP","Barcelona","Real Madrid","A",0,4,"W",4
"2858","La Liga","ESP","Celta Vigo","Leganés","A",3,0,"L",-3
"2859","La Liga","ESP","Valencia","Getafe","A",1,1,"D",0
"2860","La Liga","ESP","Atlético Madrid","Betis","A",1,0,"L",-1
"2861","La Liga","ESP","Osasuna","Real Sociedad","A",0,2,"W",2
"2862","La Liga","ESP","Athletic Club","Mallorca","A",0,0,"D",0
"2863","La Liga","ESP","Mallorca","Alavés","A",1,0,"L",-1
"2864","La Liga","ESP","Valladolid","Osasuna","A",1,0,"L",-1
"2865","La Liga","ESP","Leganés","Girona","A",4,3,"L",-1
"2866","La Liga","ESP","Las Palmas","Atlético Madrid","A",2,0,"L",-2
"2867","La Liga","ESP","Espanyol","Barcelona","A",3,1,"L",-2
"2868","La Liga","ESP","Real Sociedad","Sevilla","A",0,2,"W",2
"2869","La Liga","ESP","Betis","Athletic Club","A",1,1,"D",0
"2870","La Liga","ESP","Getafe","Celta Vigo","A",1,0,"L",-1
"2871","La Liga","ESP","Las Palmas","Rayo Vallecano","A",1,3,"W",2
"2872","La Liga","ESP","Osasuna","Real Madrid","A",4,0,"L",-4
"2873","La Liga","ESP","Alavés","Villarreal","A",3,0,"L",-3
"2874","La Liga","ESP","Sevilla","Leganés","A",1,0,"L",-1
"2875","La Liga","ESP","Celta Vigo","Betis","A",2,2,"D",0
"2876","La Liga","ESP","Atlético Madrid","Mallorca","A",0,1,"W",1
"2877","La Liga","ESP","Athletic Club","Valladolid","A",1,1,"D",0
"2878","La Liga","ESP","Girona","Getafe","A",0,1,"W",1
"2879","La Liga","ESP","Barcelona","Real Sociedad","A",1,0,"L",-1
"2880","La Liga","ESP","Valladolid","Getafe","A",2,0,"L",-2
"2881","La Liga","ESP","Betis","Valencia","A",4,2,"L",-2
"2882","La Liga","ESP","Alavés","Atlético Madrid","A",2,1,"L",-1
"2883","La Liga","ESP","Mallorca","Las Palmas","A",2,3,"W",1
"2884","La Liga","ESP","Espanyol","Girona","A",4,1,"L",-3
"2885","La Liga","ESP","Barcelona","Celta Vigo","A",2,2,"D",0
"2886","La Liga","ESP","Villarreal","Osasuna","A",2,2,"D",0
"2887","La Liga","ESP","Rayo Vallecano","Sevilla","A",1,0,"L",-1
"2888","La Liga","ESP","Real Madrid","Leganés","A",0,3,"W",3
"2889","La Liga","ESP","Real Sociedad","Athletic Club","A",1,0,"L",-1
"2890","La Liga","ESP","Valencia","Mallorca","A",2,1,"L",-1
"2891","La Liga","ESP","Las Palmas","Barcelona","A",1,2,"W",1
"2892","La Liga","ESP","Leganés","Alavés","A",1,1,"D",0
"2893","La Liga","ESP","Celta Vigo","Espanyol","A",3,1,"L",-2
"2894","La Liga","ESP","Atlético Madrid","Valladolid","A",0,5,"W",5
"2895","La Liga","ESP","Girona","Villarreal","A",2,2,"D",0
"2896","La Liga","ESP","Getafe","Real Madrid","A",2,0,"L",-2
"2897","La Liga","ESP","Athletic Club","Rayo Vallecano","A",1,2,"W",1
"2898","La Liga","ESP","Betis","Real Sociedad","A",2,0,"L",-2
"2899","La Liga","ESP","Osasuna","Sevilla","A",1,1,"D",0
"2900","La Liga","ESP","Barcelona","Mallorca","A",1,5,"W",4
"2901","La Liga","ESP","Real Madrid","Athletic Club","A",2,1,"L",-1
"2902","La Liga","ESP","Mallorca","Celta Vigo","A",2,0,"L",-2
"2903","La Liga","ESP","Valladolid","Las Palmas","A",2,1,"L",-1
"2904","La Liga","ESP","Barcelona","Betis","A",2,2,"D",0
"2905","La Liga","ESP","Rayo Vallecano","Valencia","A",0,1,"W",1
"2906","La Liga","ESP","Real Madrid","Girona","A",0,3,"W",3
"2907","La Liga","ESP","Real Sociedad","Leganés","A",0,3,"W",3
"2908","La Liga","ESP","Villarreal","Athletic Club","A",2,0,"L",-2
"2909","La Liga","ESP","Alavés","Osasuna","A",2,2,"D",0
"2910","La Liga","ESP","Sevilla","Atlético Madrid","A",4,3,"L",-1
"2911","La Liga","ESP","Espanyol","Getafe","A",1,0,"L",-1
"2912","La Liga","ESP","Valencia","Valladolid","A",1,0,"L",-1
"2913","La Liga","ESP","Osasuna","Espanyol","A",0,0,"D",0
"2914","La Liga","ESP","Girona","Mallorca","A",2,1,"L",-1
"2915","La Liga","ESP","Celta Vigo","Sevilla","A",1,0,"L",-1
"2916","La Liga","ESP","Real Madrid","Rayo Vallecano","A",3,3,"D",0
"2917","La Liga","ESP","Getafe","Atlético Madrid","A",1,0,"L",-1
"2918","La Liga","ESP","Athletic Club","Alavés","A",1,1,"D",0
"2919","La Liga","ESP","Las Palmas","Real Sociedad","A",0,0,"D",0
"2920","La Liga","ESP","Betis","Villarreal","A",1,2,"W",1
"2921","La Liga","ESP","Leganés","Barcelona","A",0,1,"W",1
"2922","La Liga","ESP","Rayo Vallecano","Villarreal","A",1,1,"D",0
"2923","La Liga","ESP","Valencia","Espanyol","A",1,1,"D",0
"2924","La Liga","ESP","Valladolid","Girona","A",3,0,"L",-3
"2925","La Liga","ESP","Mallorca","Getafe","A",0,1,"W",1
"2926","La Liga","ESP","Real Sociedad","Celta Vigo","A",2,0,"L",-2
"2927","La Liga","ESP","Athletic Club","Osasuna","A",1,2,"W",1
"2928","La Liga","ESP","Atlético Madrid","Barcelona","A",1,2,"W",1
"2929","La Liga","ESP","Alavés","Valencia","A",2,2,"D",0
"2930","La Liga","ESP","Sevilla","Real Madrid","A",4,2,"L",-2
"2931","La Liga","ESP","Espanyol","Las Palmas","A",1,0,"L",-1
"2932","La Liga","ESP","Villarreal","Leganés","A",2,5,"W",3
"2933","La Liga","ESP","Rayo Vallecano","Betis","A",1,1,"D",0
"2934","La Liga","ESP","Real Madrid","Valencia","A",1,2,"W",1
"2935","La Liga","ESP","Celta Vigo","Rayo Vallecano","A",2,1,"L",-1
"2936","La Liga","ESP","Girona","Alavés","A",0,1,"W",1
"2937","La Liga","ESP","Betis","Valladolid","A",1,0,"L",-1
"2938","La Liga","ESP","Leganés","Espanyol","A",1,1,"D",0
"2939","La Liga","ESP","Valencia","Sevilla","A",1,1,"D",0
"2940","La Liga","ESP","Getafe","Las Palmas","A",1,2,"W",1
"2941","La Liga","ESP","Osasuna","Atlético Madrid","A",1,0,"L",-1
"2942","La Liga","ESP","Villarreal","Real Sociedad","A",1,0,"L",-1
"2943","La Liga","ESP","Valladolid","Espanyol","A",2,1,"L",-1
"2944","La Liga","ESP","Sevilla","Girona","A",1,2,"W",1
"2945","La Liga","ESP","Atlético Madrid","Leganés","A",1,0,"L",-1
"2946","La Liga","ESP","Alavés","Betis","A",1,3,"W",2
"2947","La Liga","ESP","Barcelona","Getafe","A",1,1,"D",0
"2948","La Liga","ESP","Athletic Club","Celta Vigo","A",1,2,"W",1
"2949","La Liga","ESP","Las Palmas","Real Madrid","A",4,1,"L",-3
"2950","La Liga","ESP","Rayo Vallecano","Osasuna","A",1,1,"D",0
"2951","La Liga","ESP","Real Sociedad","Valencia","A",1,0,"L",-1
"2952","La Liga","ESP","Mallorca","Villarreal","A",4,0,"L",-4
"2953","La Liga","ESP","Osasuna","Las Palmas","A",1,1,"D",0
"2954","La Liga","ESP","Betis","Mallorca","A",0,1,"W",1
"2955","La Liga","ESP","Villarreal","Atlético Madrid","A",1,1,"D",0
"2956","La Liga","ESP","Espanyol","Sevilla","A",1,1,"D",0
"2957","La Liga","ESP","Real Madrid","Valladolid","A",0,3,"W",3
"2958","La Liga","ESP","Girona","Rayo Vallecano","A",2,1,"L",-1
"2959","La Liga","ESP","Getafe","Real Sociedad","A",0,3,"W",3
"2960","La Liga","ESP","Leganés","Athletic Club","A",0,0,"D",0
"2961","La Liga","ESP","Valencia","Barcelona","A",7,1,"L",-6
"2962","La Liga","ESP","Celta Vigo","Alavés","A",1,1,"D",0
"2963","La Liga","ESP","Rayo Vallecano","Leganés","A",0,1,"W",1
"2964","La Liga","ESP","Sevilla","Getafe","A",0,0,"D",0
"2965","La Liga","ESP","Valladolid","Villarreal","A",5,1,"L",-4
"2966","La Liga","ESP","Mallorca","Atlético Madrid","A",2,0,"L",-2
"2967","La Liga","ESP","Real Madrid","Espanyol","A",1,0,"L",-1
"2968","La Liga","ESP","Alavés","Barcelona","A",1,0,"L",-1
"2969","La Liga","ESP","Celta Vigo","Valencia","A",2,1,"L",-1
"2970","La Liga","ESP","Real Sociedad","Osasuna","A",2,1,"L",-1
"2971","La Liga","ESP","Athletic Club","Betis","A",2,2,"D",0
"2972","La Liga","ESP","Las Palmas","Girona","A",2,1,"L",-1
"2973","La Liga","ESP","Valladolid","Rayo Vallecano","A",1,0,"L",-1
"2974","La Liga","ESP","Betis","Celta Vigo","A",3,2,"L",-1
"2975","La Liga","ESP","Girona","Athletic Club","A",3,0,"L",-3
"2976","La Liga","ESP","Villarreal","Las Palmas","A",1,2,"W",1
"2977","La Liga","ESP","Atlético Madrid","Real Madrid","A",1,1,"D",0
"2978","La Liga","ESP","Getafe","Alavés","A",0,1,"W",1
"2979","La Liga","ESP","Leganés","Valencia","A",2,0,"L",-2
"2980","La Liga","ESP","Espanyol","Real Sociedad","A",2,1,"L",-1
"2981","La Liga","ESP","Barcelona","Sevilla","A",1,4,"W",3
"2982","La Liga","ESP","Osasuna","Mallorca","A",1,1,"D",0
"2983","La Liga","ESP","Getafe","Girona","A",1,2,"W",1
"2984","La Liga","ESP","Alavés","Leganés","A",3,3,"D",0
"2985","La Liga","ESP","Real Madrid","Osasuna","A",1,1,"D",0
"2986","La Liga","ESP","Celta Vigo","Atlético Madrid","A",1,1,"D",0
"2987","La Liga","ESP","Valencia","Villarreal","A",1,1,"D",0
"2988","La Liga","ESP","Athletic Club","Espanyol","A",1,1,"D",0
"2989","La Liga","ESP","Sevilla","Valladolid","A",0,4,"W",4
"2990","La Liga","ESP","Las Palmas","Mallorca","A",3,1,"L",-2
"2991","La Liga","ESP","Real Sociedad","Betis","A",3,0,"L",-3
"2992","La Liga","ESP","Rayo Vallecano","Barcelona","A",1,0,"L",-1
"2993","La Liga","ESP","Osasuna","Celta Vigo","A",1,0,"L",-1
"2994","La Liga","ESP","Espanyol","Alavés","A",0,1,"W",1
"2995","La Liga","ESP","Villarreal","Rayo Vallecano","A",0,1,"W",1
"2996","La Liga","ESP","Atlético Madrid","Valencia","A",0,3,"W",3
"2997","La Liga","ESP","Barcelona","Las Palmas","A",0,2,"W",2
"2998","La Liga","ESP","Valladolid","Athletic Club","A",7,1,"L",-6
"2999","La Liga","ESP","Girona","Real Madrid","A",2,0,"L",-2
"3000","La Liga","ESP","Betis","Getafe","A",1,2,"W",1
"3001","La Liga","ESP","Leganés","Real Sociedad","A",3,0,"L",-3
"3002","La Liga","ESP","Mallorca","Sevilla","A",1,1,"D",0
"3003","La Liga","ESP","Las Palmas","Valladolid","A",1,1,"D",0
"3004","La Liga","ESP","Celta Vigo","Girona","A",2,2,"D",0
"3005","La Liga","ESP","Sevilla","Rayo Vallecano","A",1,1,"D",0
"3006","La Liga","ESP","Real Madrid","Betis","A",2,1,"L",-1
"3007","La Liga","ESP","Athletic Club","Atlético Madrid","A",1,0,"L",-1
"3008","La Liga","ESP","Getafe","Leganés","A",1,0,"L",-1
"3009","La Liga","ESP","Real Sociedad","Barcelona","A",4,0,"L",-4
"3010","La Liga","ESP","Alavés","Mallorca","A",1,1,"D",0
"3011","La Liga","ESP","Valencia","Osasuna","A",3,3,"D",0
"3012","La Liga","ESP","Leganés","Celta Vigo","A",2,1,"L",-1
"3013","La Liga","ESP","Villarreal","Alavés","A",1,0,"L",-1
"3014","La Liga","ESP","Valladolid","Valencia","A",2,1,"L",-1
"3015","La Liga","ESP","Atlético Madrid","Getafe","A",2,1,"L",-1
"3016","La Liga","ESP","Rayo Vallecano","Real Madrid","A",2,1,"L",-1
"3017","La Liga","ESP","Las Palmas","Betis","A",1,0,"L",-1
"3018","La Liga","ESP","Mallorca","Athletic Club","A",1,1,"D",0
"3019","La Liga","ESP","Sevilla","Real Sociedad","A",0,1,"W",1
"3020","La Liga","ESP","Girona","Espanyol","A",1,1,"D",0
"3021","La Liga","ESP","Alavés","Las Palmas","A",2,2,"D",0
"3022","La Liga","ESP","Celta Vigo","Valladolid","A",0,1,"W",1
"3023","La Liga","ESP","Espanyol","Mallorca","A",2,1,"L",-1
"3024","La Liga","ESP","Real Madrid","Villarreal","A",1,2,"W",1
"3025","La Liga","ESP","Valencia","Girona","A",1,1,"D",0
"3026","La Liga","ESP","Betis","Leganés","A",2,3,"W",1
"3027","La Liga","ESP","Athletic Club","Sevilla","A",0,1,"W",1
"3028","La Liga","ESP","Getafe","Osasuna","A",1,2,"W",1
"3029","La Liga","ESP","Real Sociedad","Rayo Vallecano","A",2,2,"D",0
"3030","La Liga","ESP","Barcelona","Atlético Madrid","A",2,4,"W",2
"3031","La Liga","ESP","Osasuna","Barcelona","A",3,0,"L",-3
"3032","La Liga","ESP","Valladolid","Real Sociedad","A",2,1,"L",-1
"3033","La Liga","ESP","Atlético Madrid","Espanyol","A",1,1,"D",0
"3034","La Liga","ESP","Rayo Vallecano","Alavés","A",0,2,"W",2
"3035","La Liga","ESP","Leganés","Real Madrid","A",3,2,"L",-1
"3036","La Liga","ESP","Villarreal","Getafe","A",1,2,"W",1
"3037","La Liga","ESP","Girona","Barcelona","A",4,1,"L",-3
"3038","La Liga","ESP","Mallorca","Valencia","A",1,0,"L",-1
"3039","La Liga","ESP","Osasuna","Athletic Club","A",0,0,"D",0
"3040","La Liga","ESP","Sevilla","Betis","A",2,1,"L",-1
"3041","La Liga","ESP","Las Palmas","Celta Vigo","A",1,1,"D",0
"3042","La Liga","ESP","Espanyol","Rayo Vallecano","A",0,4,"W",4
"3043","La Liga","ESP","Alavés","Girona","A",0,1,"W",1
"3044","La Liga","ESP","Valencia","Real Madrid","A",1,2,"W",1
"3045","La Liga","ESP","Celta Vigo","Mallorca","A",1,2,"W",1
"3046","La Liga","ESP","Betis","Barcelona","A",1,1,"D",0
"3047","La Liga","ESP","Real Sociedad","Las Palmas","A",1,3,"W",2
"3048","La Liga","ESP","Atlético Madrid","Sevilla","A",1,2,"W",1
"3049","La Liga","ESP","Getafe","Valladolid","A",0,4,"W",4
"3050","La Liga","ESP","Athletic Club","Villarreal","A",0,0,"D",0
"3051","La Liga","ESP","Osasuna","Leganés","A",1,1,"D",0
"3052","La Liga","ESP","Sevilla","Valencia","A",1,0,"L",-1
"3053","La Liga","ESP","Mallorca","Real Sociedad","A",0,2,"W",2
"3054","La Liga","ESP","Las Palmas","Getafe","A",1,3,"W",2
"3055","La Liga","ESP","Espanyol","Celta Vigo","A",0,2,"W",2
"3056","La Liga","ESP","Barcelona","Leganés","A",0,1,"W",1
"3057","La Liga","ESP","Girona","Osasuna","A",2,1,"L",-1
"3058","La Liga","ESP","Real Madrid","Alavés","A",0,1,"W",1
"3059","La Liga","ESP","Villarreal","Betis","A",1,2,"W",1
"3060","La Liga","ESP","Rayo Vallecano","Athletic Club","A",3,1,"L",-2
"3061","La Liga","ESP","Valladolid","Atlético Madrid","A",4,2,"L",-2
"3062","La Liga","ESP","Getafe","Espanyol","A",1,0,"L",-1
"3063","La Liga","ESP","Valencia","Rayo Vallecano","A",1,1,"D",0
"3064","La Liga","ESP","Celta Vigo","Barcelona","A",4,3,"L",-1
"3065","La Liga","ESP","Leganés","Mallorca","A",0,0,"D",0
"3066","La Liga","ESP","Atlético Madrid","Las Palmas","A",1,0,"L",-1
"3067","La Liga","ESP","Osasuna","Valladolid","A",2,3,"W",1
"3068","La Liga","ESP","Real Sociedad","Villarreal","A",2,2,"D",0
"3069","La Liga","ESP","Alavés","Sevilla","A",1,1,"D",0
"3070","La Liga","ESP","Athletic Club","Real Madrid","A",1,0,"L",-1
"3071","La Liga","ESP","Betis","Girona","A",1,3,"W",2
"3072","La Liga","ESP","Espanyol","Valencia","A",1,1,"D",0
"3073","La Liga","ESP","Mallorca","Barcelona","A",1,0,"L",-1
"3074","La Liga","ESP","Villarreal","Celta Vigo","A",3,0,"L",-3
"3075","La Liga","ESP","Las Palmas","Athletic Club","A",1,0,"L",-1
"3076","La Liga","ESP","Real Sociedad","Alavés","A",1,0,"L",-1
"3077","La Liga","ESP","Real Madrid","Getafe","A",0,1,"W",1
"3078","La Liga","ESP","Sevilla","Osasuna","A",1,0,"L",-1
"3079","La Liga","ESP","Girona","Leganés","A",1,1,"D",0
"3080","La Liga","ESP","Rayo Vallecano","Atlético Madrid","A",3,0,"L",-3
"3081","La Liga","ESP","Valladolid","Betis","A",5,1,"L",-4
"3082","La Liga","ESP","Espanyol","Villarreal","A",1,0,"L",-1
"3083","La Liga","ESP","Getafe","Rayo Vallecano","A",1,0,"L",-1
"3084","La Liga","ESP","Atlético Madrid","Alavés","A",0,0,"D",0
"3085","La Liga","ESP","Osasuna","Villarreal","A",4,2,"L",-2
"3086","La Liga","ESP","Valencia","Las Palmas","A",2,3,"W",1
"3087","La Liga","ESP","Barcelona","Valladolid","A",1,2,"W",1
"3088","La Liga","ESP","Celta Vigo","Real Madrid","A",3,2,"L",-1
"3089","La Liga","ESP","Leganés","Sevilla","A",2,2,"D",0
"3090","La Liga","ESP","Betis","Espanyol","A",1,2,"W",1
"3091","La Liga","ESP","Athletic Club","Real Sociedad","A",0,0,"D",0
"3092","La Liga","ESP","Mallorca","Girona","A",1,0,"L",-1
"3093","La Liga","ESP","Rayo Vallecano","Las Palmas","A",0,1,"W",1
"3094","La Liga","ESP","Getafe","Valencia","A",3,0,"L",-3
"3095","La Liga","ESP","Sevilla","Celta Vigo","A",3,2,"L",-1
"3096","La Liga","ESP","Valladolid","Mallorca","A",2,1,"L",-1
"3097","La Liga","ESP","Villarreal","Girona","A",0,1,"W",1
"3098","La Liga","ESP","Real Sociedad","Atlético Madrid","A",4,0,"L",-4
"3099","La Liga","ESP","Espanyol","Leganés","A",3,2,"L",-1
"3100","La Liga","ESP","Real Madrid","Barcelona","A",4,3,"L",-1
"3101","La Liga","ESP","Alavés","Athletic Club","A",1,0,"L",-1
"3102","La Liga","ESP","Osasuna","Betis","A",1,1,"D",0
"3103","La Liga","ESP","Girona","Valladolid","A",0,1,"W",1
"3104","La Liga","ESP","Celta Vigo","Real Sociedad","A",0,1,"W",1
"3105","La Liga","ESP","Las Palmas","Sevilla","A",1,0,"L",-1
"3106","La Liga","ESP","Valencia","Alavés","A",1,0,"L",-1
"3107","La Liga","ESP","Leganés","Villarreal","A",3,0,"L",-3
"3108","La Liga","ESP","Mallorca","Real Madrid","A",2,1,"L",-1
"3109","La Liga","ESP","Betis","Rayo Vallecano","A",2,2,"D",0
"3110","La Liga","ESP","Atlético Madrid","Osasuna","A",2,0,"L",-2
"3111","La Liga","ESP","Athletic Club","Getafe","A",0,2,"W",2
"3112","La Liga","ESP","Barcelona","Espanyol","A",0,2,"W",2
"3113","La Liga","ESP","Leganés","Las Palmas","A",0,1,"W",1
"3114","La Liga","ESP","Getafe","Mallorca","A",1,2,"W",1
"3115","La Liga","ESP","Athletic Club","Valencia","A",0,1,"W",1
"3116","La Liga","ESP","Betis","Atlético Madrid","A",4,1,"L",-3
"3117","La Liga","ESP","Espanyol","Osasuna","A",2,0,"L",-2
"3118","La Liga","ESP","Villarreal","Barcelona","A",2,3,"W",1
"3119","La Liga","ESP","Alavés","Valladolid","A",0,1,"W",1
"3120","La Liga","ESP","Girona","Real Sociedad","A",3,2,"L",-1
"3121","La Liga","ESP","Real Madrid","Sevilla","A",0,2,"W",2
"3122","La Liga","ESP","Rayo Vallecano","Celta Vigo","A",1,2,"W",1
"3123","La Liga","ESP","Valencia","Betis","A",1,1,"D",0
"3124","La Liga","ESP","Real Sociedad","Real Madrid","A",2,0,"L",-2
"3125","La Liga","ESP","Valladolid","Leganés","A",3,0,"L",-3
"3126","La Liga","ESP","Las Palmas","Espanyol","A",2,0,"L",-2
"3127","La Liga","ESP","Mallorca","Rayo Vallecano","A",0,0,"D",0
"3128","La Liga","ESP","Osasuna","Alavés","A",1,1,"D",0
"3129","La Liga","ESP","Celta Vigo","Getafe","A",1,2,"W",1
"3130","La Liga","ESP","Atlético Madrid","Girona","A",0,4,"W",4
"3131","La Liga","ESP","Sevilla","Villarreal","A",4,2,"L",-2
"3132","La Liga","ESP","Barcelona","Athletic Club","A",0,3,"W",3
"3133","Serie A","ITA","Inter","Genoa","A",2,2,"D",0
"3134","Serie A","ITA","Fiorentina","Parma","A",1,1,"D",0
"3135","Serie A","ITA","Monza","Empoli","A",0,0,"D",0
"3136","Serie A","ITA","Torino","Milan","A",2,2,"D",0
"3137","Serie A","ITA","Udinese","Bologna","A",1,1,"D",0
"3138","Serie A","ITA","Napoli","Hellas Verona","A",3,0,"L",-3
"3139","Serie A","ITA","Roma","Cagliari","A",0,0,"D",0
"3140","Serie A","ITA","Venezia","Lazio","A",3,1,"L",-2
"3141","Serie A","ITA","Atalanta","Lecce","A",0,4,"W",4
"3142","Serie A","ITA","Como","Juventus","A",3,0,"L",-3
"3143","Serie A","ITA","Lazio","Udinese","A",2,1,"L",-1
"3144","Serie A","ITA","Milan","Parma","A",2,1,"L",-1
"3145","Serie A","ITA","Genoa","Monza","A",0,1,"W",1
"3146","Serie A","ITA","Lecce","Inter","A",2,0,"L",-2
"3147","Serie A","ITA","Atalanta","Torino","A",2,1,"L",-1
"3148","Serie A","ITA","Venezia","Fiorentina","A",0,0,"D",0
"3149","Serie A","ITA","Bologna","Napoli","A",3,0,"L",-3
"3150","Serie A","ITA","Empoli","Roma","A",1,2,"W",1
"3151","Serie A","ITA","Como","Cagliari","A",1,1,"D",0
"3152","Serie A","ITA","Juventus","Hellas Verona","A",0,3,"W",3
"3153","Serie A","ITA","Torino","Venezia","A",0,1,"W",1
"3154","Serie A","ITA","Atalanta","Inter","A",4,0,"L",-4
"3155","Serie A","ITA","Cagliari","Lecce","A",1,0,"L",-1
"3156","Serie A","ITA","Empoli","Bologna","A",1,1,"D",0
"3157","Serie A","ITA","Milan","Lazio","A",2,2,"D",0
"3158","Serie A","ITA","Parma","Napoli","A",2,1,"L",-1
"3159","Serie A","ITA","Hellas Verona","Genoa","A",0,2,"W",2
"3160","Serie A","ITA","Monza","Fiorentina","A",2,2,"D",0
"3161","Serie A","ITA","Como","Udinese","A",1,0,"L",-1
"3162","Serie A","ITA","Roma","Juventus","A",0,0,"D",0
"3163","Serie A","ITA","Bologna","Como","A",2,2,"D",0
"3164","Serie A","ITA","Juventus","Empoli","A",0,0,"D",0
"3165","Serie A","ITA","Venezia","Milan","A",4,0,"L",-4
"3166","Serie A","ITA","Roma","Genoa","A",1,1,"D",0
"3167","Serie A","ITA","Fiorentina","Atalanta","A",3,2,"L",-1
"3168","Serie A","ITA","Lecce","Torino","A",0,0,"D",0
"3169","Serie A","ITA","Napoli","Cagliari","A",0,4,"W",4
"3170","Serie A","ITA","Inter","Monza","A",1,1,"D",0
"3171","Serie A","ITA","Udinese","Parma","A",2,3,"W",1
"3172","Serie A","ITA","Hellas Verona","Lazio","A",2,1,"L",-1
"3173","Serie A","ITA","Empoli","Cagliari","A",0,2,"W",2
"3174","Serie A","ITA","Torino","Hellas Verona","A",2,3,"W",1
"3175","Serie A","ITA","Genoa","Venezia","A",2,0,"L",-2
"3176","Serie A","ITA","Napoli","Juventus","A",0,0,"D",0
"3177","Serie A","ITA","Parma","Lecce","A",2,2,"D",0
"3178","Serie A","ITA","Lazio","Fiorentina","A",2,1,"L",-1
"3179","Serie A","ITA","Bologna","Monza","A",1,2,"W",1
"3180","Serie A","ITA","Udinese","Roma","A",3,0,"L",-3
"3181","Serie A","ITA","Milan","Inter","A",1,2,"W",1
"3182","Serie A","ITA","Como","Atalanta","A",2,3,"W",1
"3183","Serie A","ITA","Lecce","Milan","A",3,0,"L",-3
"3184","Serie A","ITA","Inter","Udinese","A",2,3,"W",1
"3185","Serie A","ITA","Juventus","Genoa","A",0,3,"W",3
"3186","Serie A","ITA","Atalanta","Bologna","A",1,1,"D",0
"3187","Serie A","ITA","Lazio","Torino","A",2,3,"W",1
"3188","Serie A","ITA","Hellas Verona","Como","A",3,2,"L",-1
"3189","Serie A","ITA","Venezia","Roma","A",2,1,"L",-1
"3190","Serie A","ITA","Fiorentina","Empoli","A",0,0,"D",0
"3191","Serie A","ITA","Monza","Napoli","A",2,0,"L",-2
"3192","Serie A","ITA","Cagliari","Parma","A",2,3,"W",1
"3193","Serie A","ITA","Como","Napoli","A",3,1,"L",-2
"3194","Serie A","ITA","Venezia","Hellas Verona","A",2,1,"L",-1
"3195","Serie A","ITA","Lecce","Udinese","A",1,0,"L",-1
"3196","Serie A","ITA","Genoa","Atalanta","A",5,1,"L",-4
"3197","Serie A","ITA","Torino","Inter","A",3,2,"L",-1
"3198","Serie A","ITA","Cagliari","Juventus","A",1,1,"D",0
"3199","Serie A","ITA","Empoli","Lazio","A",2,1,"L",-1
"3200","Serie A","ITA","Parma","Bologna","A",0,0,"D",0
"3201","Serie A","ITA","Roma","Monza","A",1,1,"D",0
"3202","Serie A","ITA","Milan","Fiorentina","A",2,1,"L",-1
"3203","Serie A","ITA","Bologna","Genoa","A",2,2,"D",0
"3204","Serie A","ITA","Parma","Como","A",1,1,"D",0
"3205","Serie A","ITA","Udinese","Milan","A",1,0,"L",-1
"3206","Serie A","ITA","Lazio","Juventus","A",1,0,"L",-1
"3207","Serie A","ITA","Napoli","Empoli","A",0,1,"W",1
"3208","Serie A","ITA","Atalanta","Venezia","A",0,2,"W",2
"3209","Serie A","ITA","Fiorentina","Lecce","A",0,6,"W",6
"3210","Serie A","ITA","Torino","Cagliari","A",3,2,"L",-1
"3211","Serie A","ITA","Inter","Roma","A",0,1,"W",1
"3212","Serie A","ITA","Monza","Hellas Verona","A",0,3,"W",3
"3213","Serie A","ITA","Cagliari","Udinese","A",2,0,"L",-2
"3214","Serie A","ITA","Como","Torino","A",1,0,"L",-1
"3215","Serie A","ITA","Lecce","Napoli","A",1,0,"L",-1
"3216","Serie A","ITA","Hellas Verona","Atalanta","A",6,1,"L",-5
"3217","Serie A","ITA","Empoli","Parma","A",1,1,"D",0
"3218","Serie A","ITA","Genoa","Lazio","A",3,0,"L",-3
"3219","Serie A","ITA","Venezia","Monza","A",2,2,"D",0
"3220","Serie A","ITA","Juventus","Inter","A",4,4,"D",0
"3221","Serie A","ITA","Roma","Fiorentina","A",5,1,"L",-4
"3222","Serie A","ITA","Hellas Verona","Lecce","A",1,0,"L",-1
"3223","Serie A","ITA","Bologna","Cagliari","A",0,2,"W",2
"3224","Serie A","ITA","Napoli","Milan","A",0,2,"W",2
"3225","Serie A","ITA","Udinese","Venezia","A",3,2,"L",-1
"3226","Serie A","ITA","Inter","Empoli","A",0,3,"W",3
"3227","Serie A","ITA","Monza","Atalanta","A",2,0,"L",-2
"3228","Serie A","ITA","Parma","Juventus","A",2,2,"D",0
"3229","Serie A","ITA","Fiorentina","Genoa","A",0,1,"W",1
"3230","Serie A","ITA","Torino","Roma","A",1,0,"L",-1
"3231","Serie A","ITA","Lazio","Como","A",1,5,"W",4
"3232","Serie A","ITA","Lecce","Bologna","A",1,0,"L",-1
"3233","Serie A","ITA","Juventus","Udinese","A",0,2,"W",2
"3234","Serie A","ITA","Milan","Monza","A",0,1,"W",1
"3235","Serie A","ITA","Atalanta","Napoli","A",0,3,"W",3
"3236","Serie A","ITA","Fiorentina","Torino","A",0,1,"W",1
"3237","Serie A","ITA","Roma","Hellas Verona","A",3,2,"L",-1
"3238","Serie A","ITA","Venezia","Inter","A",1,0,"L",-1
"3239","Serie A","ITA","Como","Empoli","A",1,0,"L",-1
"3240","Serie A","ITA","Genoa","Parma","A",0,1,"W",1
"3241","Serie A","ITA","Cagliari","Lazio","A",2,1,"L",-1
"3242","Serie A","ITA","Como","Genoa","A",1,1,"D",0
"3243","Serie A","ITA","Empoli","Lecce","A",1,1,"D",0
"3244","Serie A","ITA","Parma","Venezia","A",1,2,"W",1
"3245","Serie A","ITA","Milan","Cagliari","A",3,3,"D",0
"3246","Serie A","ITA","Torino","Juventus","A",2,0,"L",-2
"3247","Serie A","ITA","Udinese","Atalanta","A",2,1,"L",-1
"3248","Serie A","ITA","Hellas Verona","Fiorentina","A",3,1,"L",-2
"3249","Serie A","ITA","Bologna","Roma","A",2,3,"W",1
"3250","Serie A","ITA","Lazio","Monza","A",0,1,"W",1
"3251","Serie A","ITA","Napoli","Inter","A",1,1,"D",0
"3252","Serie A","ITA","Inter","Hellas Verona","A",0,5,"W",5
"3253","Serie A","ITA","Juventus","Milan","A",0,0,"D",0
"3254","Serie A","ITA","Atalanta","Parma","A",1,3,"W",2
"3255","Serie A","ITA","Cagliari","Genoa","A",2,2,"D",0
"3256","Serie A","ITA","Fiorentina","Como","A",0,2,"W",2
"3257","Serie A","ITA","Monza","Torino","A",1,1,"D",0
"3258","Serie A","ITA","Roma","Napoli","A",1,0,"L",-1
"3259","Serie A","ITA","Bologna","Lazio","A",3,0,"L",-3
"3260","Serie A","ITA","Udinese","Empoli","A",1,1,"D",0
"3261","Serie A","ITA","Lecce","Venezia","A",0,1,"W",1
"3262","Serie A","ITA","Hellas Verona","Cagliari","A",1,0,"L",-1
"3263","Serie A","ITA","Monza","Como","A",1,1,"D",0
"3264","Serie A","ITA","Empoli","Milan","A",3,0,"L",-3
"3265","Serie A","ITA","Venezia","Bologna","A",3,0,"L",-3
"3266","Serie A","ITA","Genoa","Udinese","A",0,2,"W",2
"3267","Serie A","ITA","Napoli","Torino","A",0,1,"W",1
"3268","Serie A","ITA","Lazio","Parma","A",3,1,"L",-2
"3269","Serie A","ITA","Juventus","Lecce","A",1,1,"D",0
"3270","Serie A","ITA","Atalanta","Roma","A",0,2,"W",2
"3271","Serie A","ITA","Parma","Inter","A",3,1,"L",-2
"3272","Serie A","ITA","Milan","Atalanta","A",2,1,"L",-1
"3273","Serie A","ITA","Torino","Genoa","A",0,0,"D",0
"3274","Serie A","ITA","Bologna","Juventus","A",2,2,"D",0
"3275","Serie A","ITA","Lecce","Roma","A",4,1,"L",-3
"3276","Serie A","ITA","Cagliari","Fiorentina","A",1,0,"L",-1
"3277","Serie A","ITA","Empoli","Hellas Verona","A",1,4,"W",3
"3278","Serie A","ITA","Como","Venezia","A",2,2,"D",0
"3279","Serie A","ITA","Lazio","Napoli","A",0,1,"W",1
"3280","Serie A","ITA","Udinese","Monza","A",1,2,"W",1
"3281","Serie A","ITA","Torino","Empoli","A",0,1,"W",1
"3282","Serie A","ITA","Atalanta","Cagliari","A",0,1,"W",1
"3283","Serie A","ITA","Napoli","Udinese","A",1,3,"W",2
"3284","Serie A","ITA","Venezia","Juventus","A",2,2,"D",0
"3285","Serie A","ITA","Monza","Lecce","A",2,1,"L",-1
"3286","Serie A","ITA","Hellas Verona","Parma","A",2,3,"W",1
"3287","Serie A","ITA","Fiorentina","Bologna","A",1,0,"L",-1
"3288","Serie A","ITA","Roma","Como","A",2,0,"L",-2
"3289","Serie A","ITA","Genoa","Milan","A",0,0,"D",0
"3290","Serie A","ITA","Inter","Lazio","A",0,6,"W",6
"3291","Serie A","ITA","Milan","Hellas Verona","A",0,1,"W",1
"3292","Serie A","ITA","Bologna","Torino","A",0,2,"W",2
"3293","Serie A","ITA","Napoli","Genoa","A",1,2,"W",1
"3294","Serie A","ITA","Lazio","Lecce","A",1,2,"W",1
"3295","Serie A","ITA","Parma","Roma","A",5,0,"L",-5
"3296","Serie A","ITA","Cagliari","Venezia","A",2,1,"L",-1
"3297","Serie A","ITA","Empoli","Atalanta","A",3,2,"L",-1
"3298","Serie A","ITA","Juventus","Monza","A",1,2,"W",1
"3299","Serie A","ITA","Udinese","Fiorentina","A",1,2,"W",1
"3300","Serie A","ITA","Como","Inter","A",2,0,"L",-2
"3301","Serie A","ITA","Genoa","Empoli","A",1,2,"W",1
"3302","Serie A","ITA","Monza","Parma","A",2,1,"L",-1
"3303","Serie A","ITA","Inter","Cagliari","A",0,3,"W",3
"3304","Serie A","ITA","Atalanta","Lazio","A",1,1,"D",0
"3305","Serie A","ITA","Torino","Udinese","A",2,2,"D",0
"3306","Serie A","ITA","Venezia","Napoli","A",1,0,"L",-1
"3307","Serie A","ITA","Fiorentina","Juventus","A",2,2,"D",0
"3308","Serie A","ITA","Roma","Milan","A",1,1,"D",0
"3309","Serie A","ITA","Lecce","Como","A",2,0,"L",-2
"3310","Serie A","ITA","Hellas Verona","Bologna","A",2,3,"W",1
"3311","Serie A","ITA","Empoli","Venezia","A",1,1,"D",0
"3312","Serie A","ITA","Napoli","Fiorentina","A",0,3,"W",3
"3313","Serie A","ITA","Udinese","Hellas Verona","A",0,0,"D",0
"3314","Serie A","ITA","Cagliari","Monza","A",1,2,"W",1
"3315","Serie A","ITA","Genoa","Lecce","A",0,0,"D",0
"3316","Serie A","ITA","Parma","Torino","A",0,0,"D",0
"3317","Serie A","ITA","Lazio","Roma","A",2,0,"L",-2
"3318","Serie A","ITA","Como","Lazio","A",1,1,"D",0
"3319","Serie A","ITA","Lecce","Empoli","A",1,3,"W",2
"3320","Serie A","ITA","Atalanta","Udinese","A",0,0,"D",0
"3321","Serie A","ITA","Juventus","Torino","A",1,1,"D",0
"3322","Serie A","ITA","Cagliari","Milan","A",1,1,"D",0
"3323","Serie A","ITA","Parma","Genoa","A",1,0,"L",-1
"3324","Serie A","ITA","Inter","Venezia","A",0,1,"W",1
"3325","Serie A","ITA","Roma","Bologna","A",2,2,"D",0
"3326","Serie A","ITA","Hellas Verona","Napoli","A",2,0,"L",-2
"3327","Serie A","ITA","Fiorentina","Monza","A",2,1,"L",-1
"3328","Serie A","ITA","Milan","Como","A",1,2,"W",1
"3329","Serie A","ITA","Juventus","Atalanta","A",1,1,"D",0
"3330","Serie A","ITA","Bologna","Inter","A",2,2,"D",0
"3331","Serie A","ITA","Genoa","Roma","A",3,1,"L",-2
"3332","Serie A","ITA","Monza","Bologna","A",3,1,"L",-2
"3333","Serie A","ITA","Milan","Juventus","A",2,0,"L",-2
"3334","Serie A","ITA","Napoli","Atalanta","A",2,3,"W",1
"3335","Serie A","ITA","Torino","Fiorentina","A",1,1,"D",0
"3336","Serie A","ITA","Venezia","Parma","A",1,1,"D",0
"3337","Serie A","ITA","Lecce","Cagliari","A",4,1,"L",-3
"3338","Serie A","ITA","Lazio","Hellas Verona","A",0,3,"W",3
"3339","Serie A","ITA","Empoli","Inter","A",3,1,"L",-2
"3340","Serie A","ITA","Udinese","Como","A",4,1,"L",-3
"3341","Serie A","ITA","Cagliari","Torino","A",2,0,"L",-2
"3342","Serie A","ITA","Atalanta","Como","A",1,2,"W",1
"3343","Serie A","ITA","Juventus","Napoli","A",2,1,"L",-1
"3344","Serie A","ITA","Bologna","Empoli","A",1,1,"D",0
"3345","Serie A","ITA","Parma","Milan","A",3,2,"L",-1
"3346","Serie A","ITA","Roma","Udinese","A",1,2,"W",1
"3347","Serie A","ITA","Inter","Lecce","A",0,4,"W",4
"3348","Serie A","ITA","Fiorentina","Lazio","A",1,2,"W",1
"3349","Serie A","ITA","Hellas Verona","Venezia","A",1,1,"D",0
"3350","Serie A","ITA","Monza","Genoa","A",2,0,"L",-2
"3351","Serie A","ITA","Lecce","Parma","A",1,3,"W",2
"3352","Serie A","ITA","Hellas Verona","Monza","A",0,1,"W",1
"3353","Serie A","ITA","Venezia","Udinese","A",3,2,"L",-1
"3354","Serie A","ITA","Torino","Atalanta","A",1,1,"D",0
"3355","Serie A","ITA","Como","Bologna","A",2,0,"L",-2
"3356","Serie A","ITA","Empoli","Juventus","A",4,1,"L",-3
"3357","Serie A","ITA","Genoa","Fiorentina","A",2,1,"L",-1
"3358","Serie A","ITA","Inter","Milan","A",1,1,"D",0
"3359","Serie A","ITA","Napoli","Roma","A",1,1,"D",0
"3360","Serie A","ITA","Lazio","Cagliari","A",1,2,"W",1
"3361","Serie A","ITA","Inter","Fiorentina","A",3,0,"L",-3
"3362","Serie A","ITA","Juventus","Como","A",1,2,"W",1
"3363","Serie A","ITA","Atalanta","Hellas Verona","A",0,5,"W",5
"3364","Serie A","ITA","Milan","Empoli","A",0,2,"W",2
"3365","Serie A","ITA","Genoa","Torino","A",1,1,"D",0
"3366","Serie A","ITA","Roma","Venezia","A",0,1,"W",1
"3367","Serie A","ITA","Parma","Cagliari","A",2,1,"L",-1
"3368","Serie A","ITA","Monza","Lazio","A",5,1,"L",-4
"3369","Serie A","ITA","Bologna","Lecce","A",0,0,"D",0
"3370","Serie A","ITA","Udinese","Napoli","A",1,1,"D",0
"3371","Serie A","ITA","Fiorentina","Inter","A",2,1,"L",-1
"3372","Serie A","ITA","Torino","Bologna","A",3,2,"L",-1
"3373","Serie A","ITA","Cagliari","Atalanta","A",0,0,"D",0
"3374","Serie A","ITA","Napoli","Lazio","A",2,2,"D",0
"3375","Serie A","ITA","Hellas Verona","Milan","A",1,0,"L",-1
"3376","Serie A","ITA","Como","Fiorentina","A",0,2,"W",2
"3377","Serie A","ITA","Lecce","Monza","A",0,0,"D",0
"3378","Serie A","ITA","Empoli","Udinese","A",3,0,"L",-3
"3379","Serie A","ITA","Roma","Parma","A",0,1,"W",1
"3380","Serie A","ITA","Inter","Juventus","A",1,0,"L",-1
"3381","Serie A","ITA","Venezia","Genoa","A",2,0,"L",-2
"3382","Serie A","ITA","Udinese","Lecce","A",0,1,"W",1
"3383","Serie A","ITA","Lazio","Venezia","A",0,0,"D",0
"3384","Serie A","ITA","Bologna","Parma","A",2,0,"L",-2
"3385","Serie A","ITA","Milan","Torino","A",2,1,"L",-1
"3386","Serie A","ITA","Genoa","Inter","A",1,0,"L",-1
"3387","Serie A","ITA","Napoli","Como","A",2,1,"L",-1
"3388","Serie A","ITA","Fiorentina","Hellas Verona","A",1,0,"L",-1
"3389","Serie A","ITA","Atalanta","Empoli","A",0,5,"W",5
"3390","Serie A","ITA","Juventus","Cagliari","A",0,1,"W",1
"3391","Serie A","ITA","Monza","Roma","A",4,0,"L",-4
"3392","Serie A","ITA","Milan","Bologna","A",2,1,"L",-1
"3393","Serie A","ITA","Lecce","Fiorentina","A",1,0,"L",-1
"3394","Serie A","ITA","Venezia","Atalanta","A",0,0,"D",0
"3395","Serie A","ITA","Inter","Napoli","A",1,1,"D",0
"3396","Serie A","ITA","Parma","Udinese","A",1,0,"L",-1
"3397","Serie A","ITA","Torino","Monza","A",0,2,"W",2
"3398","Serie A","ITA","Empoli","Genoa","A",1,1,"D",0
"3399","Serie A","ITA","Cagliari","Bologna","A",2,1,"L",-1
"3400","Serie A","ITA","Como","Roma","A",2,1,"L",-1
"3401","Serie A","ITA","Lazio","Milan","A",1,2,"W",1
"3402","Serie A","ITA","Hellas Verona","Juventus","A",2,0,"L",-2
"3403","Serie A","ITA","Genoa","Cagliari","A",1,1,"D",0
"3404","Serie A","ITA","Torino","Parma","A",2,2,"D",0
"3405","Serie A","ITA","Venezia","Como","A",1,1,"D",0
"3406","Serie A","ITA","Milan","Lecce","A",2,3,"W",1
"3407","Serie A","ITA","Monza","Inter","A",3,2,"L",-1
"3408","Serie A","ITA","Bologna","Hellas Verona","A",1,2,"W",1
"3409","Serie A","ITA","Fiorentina","Napoli","A",2,1,"L",-1
"3410","Serie A","ITA","Roma","Empoli","A",0,1,"W",1
"3411","Serie A","ITA","Atalanta","Juventus","A",0,4,"W",4
"3412","Serie A","ITA","Udinese","Lazio","A",1,1,"D",0
"3413","Serie A","ITA","Lecce","Genoa","A",2,1,"L",-1
"3414","Serie A","ITA","Hellas Verona","Udinese","A",0,1,"W",1
"3415","Serie A","ITA","Parma","Monza","A",1,1,"D",0
"3416","Serie A","ITA","Como","Milan","A",2,1,"L",-1
"3417","Serie A","ITA","Empoli","Torino","A",1,0,"L",-1
"3418","Serie A","ITA","Napoli","Venezia","A",0,0,"D",0
"3419","Serie A","ITA","Lazio","Bologna","A",5,0,"L",-5
"3420","Serie A","ITA","Cagliari","Roma","A",1,0,"L",-1
"3421","Serie A","ITA","Juventus","Fiorentina","A",3,0,"L",-3
"3422","Serie A","ITA","Inter","Atalanta","A",0,2,"W",2
"3423","Serie A","ITA","Empoli","Como","A",1,1,"D",0
"3424","Serie A","ITA","Bologna","Venezia","A",0,1,"W",1
"3425","Serie A","ITA","Genoa","Juventus","A",1,0,"L",-1
"3426","Serie A","ITA","Roma","Lecce","A",0,1,"W",1
"3427","Serie A","ITA","Monza","Cagliari","A",3,0,"L",-3
"3428","Serie A","ITA","Atalanta","Fiorentina","A",1,0,"L",-1
"3429","Serie A","ITA","Udinese","Inter","A",2,1,"L",-1
"3430","Serie A","ITA","Milan","Napoli","A",2,1,"L",-1
"3431","Serie A","ITA","Parma","Hellas Verona","A",0,0,"D",0
"3432","Serie A","ITA","Torino","Lazio","A",1,1,"D",0
"3433","Serie A","ITA","Udinese","Genoa","A",1,0,"L",-1
"3434","Serie A","ITA","Como","Monza","A",1,3,"W",2
"3435","Serie A","ITA","Inter","Parma","A",2,2,"D",0
"3436","Serie A","ITA","Fiorentina","Milan","A",2,2,"D",0
"3437","Serie A","ITA","Venezia","Lecce","A",1,1,"D",0
"3438","Serie A","ITA","Cagliari","Empoli","A",0,0,"D",0
"3439","Serie A","ITA","Hellas Verona","Torino","A",1,1,"D",0
"3440","Serie A","ITA","Lazio","Atalanta","A",0,1,"W",1
"3441","Serie A","ITA","Juventus","Roma","A",1,1,"D",0
"3442","Serie A","ITA","Napoli","Bologna","A",1,1,"D",0
"3443","Serie A","ITA","Milan","Udinese","A",0,4,"W",4
"3444","Serie A","ITA","Monza","Venezia","A",1,0,"L",-1
"3445","Serie A","ITA","Cagliari","Inter","A",3,1,"L",-2
"3446","Serie A","ITA","Lecce","Juventus","A",2,1,"L",-1
"3447","Serie A","ITA","Bologna","Atalanta","A",2,0,"L",-2
"3448","Serie A","ITA","Genoa","Hellas Verona","A",0,0,"D",0
"3449","Serie A","ITA","Parma","Fiorentina","A",0,0,"D",0
"3450","Serie A","ITA","Torino","Como","A",1,0,"L",-1
"3451","Serie A","ITA","Roma","Lazio","A",1,1,"D",0
"3452","Serie A","ITA","Empoli","Napoli","A",3,0,"L",-3
"3453","Serie A","ITA","Como","Lecce","A",0,3,"W",3
"3454","Serie A","ITA","Napoli","Monza","A",0,1,"W",1
"3455","Serie A","ITA","Hellas Verona","Roma","A",1,0,"L",-1
"3456","Serie A","ITA","Venezia","Empoli","A",2,2,"D",0
"3457","Serie A","ITA","Inter","Bologna","A",1,0,"L",-1
"3458","Serie A","ITA","Atalanta","Milan","A",0,1,"W",1
"3459","Serie A","ITA","Fiorentina","Cagliari","A",1,2,"W",1
"3460","Serie A","ITA","Juventus","Parma","A",1,0,"L",-1
"3461","Serie A","ITA","Udinese","Torino","A",2,0,"L",-2
"3462","Serie A","ITA","Lazio","Genoa","A",0,2,"W",2
"3463","Serie A","ITA","Genoa","Como","A",1,0,"L",-1
"3464","Serie A","ITA","Milan","Venezia","A",0,2,"W",2
"3465","Serie A","ITA","Roma","Inter","A",0,1,"W",1
"3466","Serie A","ITA","Empoli","Fiorentina","A",2,1,"L",-1
"3467","Serie A","ITA","Monza","Juventus","A",2,0,"L",-2
"3468","Serie A","ITA","Torino","Napoli","A",2,0,"L",-2
"3469","Serie A","ITA","Lecce","Atalanta","A",1,1,"D",0
"3470","Serie A","ITA","Bologna","Udinese","A",0,0,"D",0
"3471","Serie A","ITA","Parma","Lazio","A",2,2,"D",0
"3472","Serie A","ITA","Cagliari","Hellas Verona","A",0,2,"W",2
"3473","Serie A","ITA","Venezia","Torino","A",1,1,"D",0
"3474","Serie A","ITA","Como","Parma","A",0,1,"W",1
"3475","Serie A","ITA","Udinese","Cagliari","A",1,2,"W",1
"3476","Serie A","ITA","Napoli","Lecce","A",0,1,"W",1
"3477","Serie A","ITA","Hellas Verona","Inter","A",1,0,"L",-1
"3478","Serie A","ITA","Lazio","Empoli","A",0,1,"W",1
"3479","Serie A","ITA","Atalanta","Monza","A",0,4,"W",4
"3480","Serie A","ITA","Fiorentina","Roma","A",1,0,"L",-1
"3481","Serie A","ITA","Juventus","Bologna","A",1,1,"D",0
"3482","Serie A","ITA","Milan","Genoa","A",1,2,"W",1
"3483","Serie A","ITA","Bologna","Milan","A",3,1,"L",-2
"3484","Serie A","ITA","Cagliari","Como","A",3,1,"L",-2
"3485","Serie A","ITA","Juventus","Lazio","A",1,1,"D",0
"3486","Serie A","ITA","Parma","Empoli","A",2,1,"L",-1
"3487","Serie A","ITA","Monza","Udinese","A",1,2,"W",1
"3488","Serie A","ITA","Lecce","Hellas Verona","A",1,1,"D",0
"3489","Serie A","ITA","Inter","Torino","A",0,2,"W",2
"3490","Serie A","ITA","Genoa","Napoli","A",2,2,"D",0
"3491","Serie A","ITA","Fiorentina","Venezia","A",2,1,"L",-1
"3492","Serie A","ITA","Roma","Atalanta","A",2,1,"L",-1
"3493","Serie A","ITA","Atalanta","Genoa","A",2,3,"W",1
"3494","Serie A","ITA","Napoli","Parma","A",0,0,"D",0
"3495","Serie A","ITA","Bologna","Fiorentina","A",3,2,"L",-1
"3496","Serie A","ITA","Venezia","Cagliari","A",3,0,"L",-3
"3497","Serie A","ITA","Milan","Roma","A",3,1,"L",-2
"3498","Serie A","ITA","Como","Hellas Verona","A",1,1,"D",0
"3499","Serie A","ITA","Empoli","Monza","A",1,3,"W",2
"3500","Serie A","ITA","Udinese","Juventus","A",2,0,"L",-2
"3501","Serie A","ITA","Torino","Lecce","A",1,0,"L",-1
"3502","Serie A","ITA","Lazio","Inter","A",2,2,"D",0
"3503","Serie A","ITA","Cagliari","Napoli","A",2,0,"L",-2
"3504","Serie A","ITA","Inter","Como","A",0,2,"W",2
"3505","Serie A","ITA","Genoa","Bologna","A",1,3,"W",2
"3506","Serie A","ITA","Monza","Milan","A",2,0,"L",-2
"3507","Serie A","ITA","Fiorentina","Udinese","A",2,3,"W",1
"3508","Serie A","ITA","Lecce","Lazio","A",0,1,"W",1
"3509","Serie A","ITA","Roma","Torino","A",0,2,"W",2
"3510","Serie A","ITA","Juventus","Venezia","A",2,3,"W",1
"3511","Serie A","ITA","Parma","Atalanta","A",2,3,"W",1
"3512","Serie A","ITA","Hellas Verona","Empoli","A",1,2,"W",1
